player_id,player_name,position,nfl_team,age,years_exp,games_played,active_weeks,weeks_requested,weeks_evaluated,weeks_with_observed_record,missing_week_count,data_coverage_rate,total_points,average_points_per_week,average_points_per_game_played,median_points,min_points,max_points,standard_deviation,variance,coefficient_of_variation,weekly_range,interquartile_range,mean_absolute_deviation,p10_points,p25_points,p50_points,p75_points,p90_points,top_12_weeks,top_18_weeks,top_24_weeks,top_36_weeks,top_64_weeks,pct_top_12,pct_top_18,pct_19_to_36,pct_37_to_64,pct_outside_64,pct_zero_or_dnp,starter_week_count,starter_week_rate,usable_week_count,usable_week_rate,bust_week_count,bust_week_rate,elite_week_count,elite_week_rate,weekly_bucket_breakdown,scoring_basis,source_type,consistency_score,floor_score,ceiling_score,volatility_score,guillotine_survival_score,draft_safety_tier
9488,Jaxon Smith-Njigba,WR,SEA,24,3,16,16,17,17,17,0,1.0,345.5,20.324,21.594,20.6,4.3,37.1,7.275,52.924,0.3369,32.8,8.225,5.418,14.6,18.3,20.6,26.525,29.15,14,14,15,16,16,0.8235,0.8235,0.1176,0.0,0.0,0.0588,14,0.8235,16,0.9412,1,0.0588,14,0.8235,19-36:2 | Did not play / no score:1 | Top 18:14,sleeper_league_matchup_exact,cached_league_matchup_players_points,94.1,100.0,92.5,6.2,98.7,Tier A: weekly anchor
4034,Christian McCaffrey,RB,SF,30,9,16,16,17,17,17,0,1.0,404.9,23.818,25.306,25.1,9.8,39.1,7.533,56.752,0.2977,29.3,7.8,5.994,16.55,21.425,25.1,29.225,34.7,15,15,16,16,16,0.8824,0.8824,0.0588,0.0,0.0,0.0588,15,0.8824,16,0.9412,1,0.0588,15,0.8824,19-36:1 | Did not play / no score:1 | Top 18:15,sleeper_league_matchup_exact,cached_league_matchup_players_points,90.1,100.0,97.2,9.4,98.2,Tier A: weekly anchor
9509,Bijan Robinson,RB,ATL,24,3,16,16,17,17,17,0,1.0,363.5,21.382,22.719,22.8,5.8,39.9,9.553,91.25,0.4205,34.1,14.175,8.294,10.1,15.75,22.8,29.925,33.05,11,14,15,16,16,0.6471,0.8235,0.1176,0.0,0.0,0.0588,14,0.8235,16,0.9412,1,0.0588,14,0.8235,19-36:2 | Did not play / no score:1 | Top 18:14,sleeper_league_matchup_exact,cached_league_matchup_players_points,82.4,97.2,95.8,17.8,96.2,Tier A: weekly anchor
9226,De'Von Achane,RB,MIA,24,3,16,16,17,17,17,0,1.0,322.8,18.988,20.175,17.75,12.8,40.5,6.793,46.139,0.3367,27.7,3.875,4.812,15.15,16.575,17.75,20.45,28.6,13,16,16,16,16,0.7647,0.9412,0.0,0.0,0.0,0.0588,16,0.9412,16,0.9412,1,0.0588,16,0.9412,Did not play / no score:1 | Top 18:16,sleeper_league_matchup_exact,cached_league_matchup_players_points,87.8,98.6,88.9,11.9,96.0,Tier A: weekly anchor
8130,Trey McBride,TE,ARI,26,4,16,16,17,17,17,0,1.0,302.4,17.788,18.9,16.7,6.7,37.4,8.263,68.282,0.4372,30.7,12.4,7.087,9.95,12.175,16.7,24.575,28.55,15,16,16,16,16,0.8824,0.9412,0.0,0.0,0.0,0.0588,15,0.8824,16,0.9412,1,0.0588,15,0.8824,13-24:1 | Did not play / no score:1 | Top 12:15,sleeper_league_matchup_exact,cached_league_matchup_players_points,78.6,94.3,100.0,22.9,95.6,Tier A: weekly anchor
9493,Puka Nacua,WR,LAR,25,3,15,15,17,17,17,0,1.0,349.0,20.529,23.267,22.8,4.8,46.5,10.186,103.753,0.4378,41.7,11.55,7.813,13.64,16.2,22.8,27.75,35.88,12,14,14,14,15,0.7059,0.8235,0.0,0.0588,0.0,0.1176,14,0.8235,14,0.8235,3,0.1765,14,0.8235,37-64:1 | Did not play / no score:2 | Top 18:14,sleeper_league_matchup_exact,cached_league_matchup_players_points,76.9,98.8,100.0,23.8,94.7,Tier A: weekly anchor
8138,James Cook,RB,BUF,26,4,16,16,17,17,17,0,1.0,300.7,17.688,18.794,20.6,4.9,33.6,8.19,67.077,0.4358,28.7,12.475,6.907,8.7,11.0,20.6,23.475,28.8,11,13,15,16,16,0.6471,0.7647,0.1765,0.0,0.0,0.0588,13,0.7647,16,0.9412,1,0.0588,13,0.7647,19-36:3 | Did not play / no score:1 | Top 18:13,sleeper_league_matchup_exact,cached_league_matchup_players_points,80.1,88.9,90.3,20.3,93.1,Tier A: weekly anchor
6813,Jonathan Taylor,RB,IND,27,6,16,16,17,17,17,0,1.0,356.4,20.965,22.275,17.15,7.7,49.6,11.791,139.018,0.5293,41.9,18.875,10.359,10.0,13.025,17.15,31.9,35.8,11,12,16,16,16,0.6471,0.7059,0.2353,0.0,0.0,0.0588,12,0.7059,16,0.9412,1,0.0588,12,0.7059,19-36:4 | Did not play / no score:1 | Top 18:12,sleeper_league_matchup_exact,cached_league_matchup_players_points,71.0,95.8,98.6,30.3,92.6,Tier A: weekly anchor
8137,George Pickens,WR,DAL,25,4,15,15,17,16,16,1,0.9412,278.2,17.387,18.547,16.8,6.0,33.4,8.943,79.981,0.4822,27.4,14.75,7.662,7.26,12.95,16.8,27.7,30.92,7,11,13,14,15,0.4375,0.6875,0.1875,0.0625,0.0,0.0625,11,0.6875,14,0.875,2,0.125,11,0.6875,19-36:3 | 37-64:1 | Did not play / no score:1 | Top 18:11,sleeper_league_matchup_exact,cached_league_matchup_players_points,75.3,95.0,95.0,26.2,92.6,Tier A: weekly anchor
9221,Jahmyr Gibbs,RB,DET,24,3,16,16,17,17,17,0,1.0,346.6,20.388,21.663,18.55,5.8,55.4,13.523,182.876,0.6243,49.6,18.225,10.891,6.95,11.15,18.55,29.375,37.6,9,14,14,16,16,0.5294,0.8235,0.1176,0.0,0.0,0.0588,14,0.8235,16,0.9412,1,0.0588,14,0.8235,19-36:2 | Did not play / no score:1 | Top 18:14,sleeper_league_matchup_exact,cached_league_matchup_players_points,60.3,91.7,100.0,41.9,92.2,Tier A: weekly anchor
8144,Chris Olave,WR,NO,26,4,16,16,17,17,17,0,1.0,269.0,15.824,16.812,15.2,6.0,36.8,7.603,57.811,0.4522,30.8,8.575,5.917,9.35,12.15,15.2,20.725,26.35,7,10,11,16,16,0.4118,0.5882,0.3529,0.0,0.0,0.0588,10,0.5882,16,0.9412,1,0.0588,10,0.5882,19-36:6 | Did not play / no score:1 | Top 18:10,sleeper_league_matchup_exact,cached_league_matchup_players_points,81.7,93.8,88.8,19.8,92.1,Tier A: weekly anchor
7547,Amon-Ra St. Brown,WR,DET,26,5,15,15,17,17,17,0,1.0,299.1,17.594,19.94,18.0,6.2,41.4,10.007,100.144,0.5019,35.2,9.1,7.755,8.86,14.25,18.0,23.35,35.48,8,13,13,14,15,0.4706,0.7647,0.0588,0.0588,0.0,0.1176,13,0.7647,14,0.8235,3,0.1765,13,0.7647,19-36:1 | 37-64:1 | Did not play / no score:2 | Top 18:13,sleeper_league_matchup_exact,cached_league_matchup_players_points,67.3,97.5,98.8,34.2,91.4,Tier A: weekly anchor
7588,Javonte Williams,RB,DAL,26,5,16,16,17,17,17,0,1.0,242.8,14.282,15.175,14.9,6.3,26.9,5.826,33.942,0.3839,20.6,7.725,4.847,7.85,11.125,14.9,18.85,22.7,9,13,16,16,16,0.5294,0.7647,0.1765,0.0,0.0,0.0588,13,0.7647,16,0.9412,1,0.0588,13,0.7647,19-36:3 | Did not play / no score:1 | Top 18:13,sleeper_league_matchup_exact,cached_league_matchup_players_points,86.2,90.3,80.6,13.6,89.8,Tier A: weekly anchor
7543,Travis Etienne,RB,NO,27,5,16,16,17,17,17,0,1.0,249.1,14.653,15.569,16.55,5.1,31.5,6.434,41.402,0.4133,26.4,8.575,5.089,7.65,10.775,16.55,19.35,20.9,9,12,13,16,16,0.5294,0.7059,0.2353,0.0,0.0,0.0588,12,0.7059,16,0.9412,1,0.0588,12,0.7059,19-36:4 | Did not play / no score:1 | Top 18:12,sleeper_league_matchup_exact,cached_league_matchup_players_points,83.2,84.7,73.6,16.9,89.5,Tier A: weekly anchor
4984,Josh Allen,QB,BUF,30,8,15,15,17,16,16,1,0.9412,351.44,21.965,23.429,23.02,6.9,44.68,10.339,106.889,0.4413,37.78,9.78,7.987,10.8,17.56,23.02,27.34,38.392,14,14,15,15,15,0.875,0.875,0.0625,0.0,0.0,0.0625,14,0.875,15,0.9375,1,0.0625,14,0.875,13-24:1 | Did not play / no score:1 | Top 12:14,sleeper_league_matchup_exact,cached_league_matchup_players_points,50.7,93.3,100.0,52.0,89.0,Tier A: weekly anchor
11564,Drake Maye,QB,NE,23,2,16,16,17,17,17,0,1.0,344.22,20.248,21.514,20.99,12.12,32.44,5.111,26.122,0.2376,20.32,7.84,4.208,16.11,17.26,20.99,25.1,27.26,14,15,16,16,16,0.8235,0.8824,0.0588,0.0,0.0,0.0588,14,0.8235,16,0.9412,1,0.0588,14,0.8235,13-24:2 | Did not play / no score:1 | Top 12:14,sleeper_league_matchup_exact,cached_league_matchup_players_points,87.0,86.7,66.7,12.7,88.2,Tier A: weekly anchor
8150,Kyren Williams,RB,LAR,25,4,15,15,17,16,16,1,0.9412,236.2,14.762,15.747,16.6,5.8,31.1,6.206,38.516,0.3941,25.3,7.5,4.924,9.1,10.95,16.6,18.45,22.16,9,10,12,15,15,0.5625,0.625,0.3125,0.0,0.0,0.0625,10,0.625,15,0.9375,1,0.0625,10,0.625,19-36:5 | Did not play / no score:1 | Top 18:10,sleeper_league_matchup_exact,cached_league_matchup_players_points,84.1,87.5,79.2,15.8,87.4,Tier A: weekly anchor
6786,CeeDee Lamb,WR,DAL,27,6,12,12,17,17,17,0,1.0,199.5,11.735,16.625,17.35,9.6,24.2,4.241,17.984,0.2551,14.6,4.8,3.471,11.14,13.825,17.35,18.625,21.82,9,11,12,12,12,0.5294,0.6471,0.0588,0.0,0.0,0.2941,11,0.6471,12,0.7059,5,0.2941,11,0.6471,19-36:1 | Did not play / no score:5 | Top 18:11,sleeper_league_matchup_exact,cached_league_matchup_players_points,81.5,96.2,73.8,17.0,86.9,Tier A: weekly anchor
5850,Josh Jacobs,RB,GB,28,7,14,14,17,16,16,1,0.9412,235.8,14.738,16.843,15.8,4.0,32.0,8.077,65.241,0.4796,28.0,7.25,6.386,6.39,12.675,15.8,19.925,29.15,7,10,13,14,14,0.4375,0.625,0.25,0.0,0.0,0.125,10,0.625,14,0.875,2,0.125,10,0.625,19-36:4 | Did not play / no score:2 | Top 18:10,sleeper_league_matchup_exact,cached_league_matchup_players_points,74.9,94.4,91.7,25.3,86.8,Tier A: weekly anchor
1466,Travis Kelce,TE,KC,36,13,13,13,17,14,14,3,0.8235,164.8,11.771,12.677,12.6,1.8,24.1,6.031,36.368,0.4757,22.3,7.1,4.775,6.96,8.4,12.6,15.5,21.34,11,12,13,13,13,0.7857,0.8571,0.0714,0.0,0.0,0.0714,11,0.7857,13,0.9286,1,0.0714,11,0.7857,13-24:2 | Did not play / no score:1 | Top 12:11,sleeper_league_matchup_exact,cached_league_matchup_players_points,70.3,85.7,82.9,30.9,86.6,Tier A: weekly anchor
4866,Saquon Barkley,RB,PHI,29,8,16,16,17,17,17,0,1.0,232.3,13.665,14.519,15.15,5.2,33.4,6.965,48.515,0.4797,28.2,8.6,5.606,6.2,9.3,15.15,17.9,19.8,8,11,13,16,16,0.4706,0.6471,0.2941,0.0,0.0,0.0588,11,0.6471,16,0.9412,1,0.0588,11,0.6471,19-36:5 | Did not play / no score:1 | Top 18:11,sleeper_league_matchup_exact,cached_league_matchup_players_points,77.8,77.8,69.4,22.8,86.2,Tier A: weekly anchor
7564,Ja'Marr Chase,WR,CIN,26,5,15,15,17,17,17,0,1.0,290.0,17.059,19.333,19.9,4.6,38.1,10.207,104.185,0.528,33.5,15.5,8.431,6.52,9.55,19.9,25.05,33.5,10,11,11,13,15,0.5882,0.6471,0.1176,0.1176,0.0,0.1176,11,0.6471,13,0.7647,4,0.2353,11,0.6471,19-36:2 | 37-64:2 | Did not play / no score:2 | Top 18:11,sleeper_league_matchup_exact,cached_league_matchup_players_points,58.4,81.2,97.5,43.2,85.9,Tier A: weekly anchor
2133,Davante Adams,WR,LAR,33,12,14,14,17,15,15,2,0.8824,222.9,14.86,15.921,15.1,6.9,26.5,6.591,43.436,0.4139,19.6,12.8,5.896,7.34,9.6,15.1,22.4,23.14,6,7,11,13,14,0.4,0.4667,0.4,0.0667,0.0,0.0667,7,0.4667,13,0.8667,2,0.1333,7,0.4667,19-36:6 | 37-64:1 | Did not play / no score:1 | Top 18:7,sleeper_league_matchup_exact,cached_league_matchup_players_points,83.0,82.5,80.0,17.8,85.8,Tier A: weekly anchor
12518,Tyler Warren,TE,IND,24,1,14,14,17,15,15,2,0.8824,165.6,11.04,11.829,11.55,3.7,18.3,4.869,23.703,0.4116,14.6,8.375,4.257,5.47,8.025,11.55,16.4,18.18,12,14,14,14,14,0.8,0.9333,0.0,0.0,0.0,0.0667,12,0.8,14,0.9333,1,0.0667,12,0.8,13-24:2 | Did not play / no score:1 | Top 12:12,sleeper_league_matchup_exact,cached_league_matchup_players_points,85.4,80.0,62.9,14.9,85.1,Tier A: weekly anchor
9224,Chase Brown,RB,CIN,26,3,15,15,17,16,16,1,0.9412,234.5,14.656,15.633,15.0,6.0,32.9,6.77,45.829,0.433,26.9,7.65,5.289,8.66,10.95,15.0,18.6,22.98,8,9,12,14,15,0.5,0.5625,0.3125,0.0625,0.0,0.0625,9,0.5625,14,0.875,2,0.125,9,0.5625,19-36:5 | 37-64:1 | Did not play / no score:1 | Top 18:9,sleeper_league_matchup_exact,cached_league_matchup_players_points,77.2,87.5,83.3,22.8,84.0,Tier A: weekly anchor
3321,Tyreek Hill,WR,,31,10,4,4,17,4,4,13,0.2353,53.5,13.375,13.375,14.3,8.0,16.9,3.469,12.037,0.2594,8.9,4.625,3.025,9.41,11.525,14.3,16.15,16.6,0,2,2,3,4,0.0,0.5,0.25,0.25,0.0,0.0,2,0.5,3,0.75,1,0.25,2,0.5,19-36:1 | 37-64:1 | Top 18:2,sleeper_league_matchup_exact,cached_league_matchup_players_points,83.1,92.5,42.5,15.8,82.0,Tier A: weekly anchor
4046,Patrick Mahomes,QB,KC,30,9,14,14,17,15,15,2,0.8824,296.68,19.779,21.191,24.02,9.3,31.48,7.21,51.98,0.3402,22.18,12.905,6.673,11.998,14.13,24.02,27.035,28.924,12,14,14,14,14,0.8,0.9333,0.0,0.0,0.0,0.0667,12,0.8,14,0.9333,1,0.0667,12,0.8,13-24:2 | Did not play / no score:1 | Top 12:12,sleeper_league_matchup_exact,cached_league_matchup_players_points,71.5,63.3,90.0,28.7,81.5,Tier A: weekly anchor
10229,Rashee Rice,WR,KC,26,3,8,8,17,15,15,2,0.8824,150.1,10.007,18.762,20.9,7.4,29.4,7.588,57.572,0.4044,22.0,12.925,6.787,9.08,11.525,20.9,24.45,26.67,6,7,8,8,8,0.4,0.4667,0.0667,0.0,0.0,0.4667,7,0.4667,8,0.5333,7,0.4667,7,0.4667,19-36:1 | Did not play / no score:7 | Top 18:7,sleeper_league_matchup_exact,cached_league_matchup_players_points,64.1,92.5,90.0,34.2,80.8,Tier A: weekly anchor
7569,Nico Collins,WR,HOU,27,5,15,15,17,17,17,0,1.0,226.2,13.306,15.08,14.5,5.5,24.2,6.279,39.424,0.4164,18.7,12.65,5.432,7.42,9.3,14.5,21.95,23.14,7,9,11,13,15,0.4118,0.5294,0.2353,0.1176,0.0,0.1176,9,0.5294,13,0.7647,4,0.2353,9,0.5294,19-36:4 | 37-64:2 | Did not play / no score:2 | Top 18:9,sleeper_league_matchup_exact,cached_league_matchup_players_points,75.6,80.0,80.0,24.5,80.8,Tier A: weekly anchor
12481,Cam Skattebo,RB,NYG,24,1,8,8,17,8,8,9,0.4706,127.7,15.963,15.963,14.15,2.9,31.0,8.062,64.992,0.505,28.1,7.575,6.403,7.87,12.25,14.15,19.825,26.17,3,3,7,7,8,0.375,0.375,0.5,0.125,0.0,0.0,3,0.375,7,0.875,1,0.125,3,0.375,19-36:4 | 37-64:1 | Top 18:3,sleeper_league_matchup_exact,cached_league_matchup_players_points,70.3,93.1,87.5,30.3,80.8,Tier A: weekly anchor
9997,Zay Flowers,WR,BAL,25,3,15,15,17,16,16,1,0.9412,192.3,12.019,12.82,12.2,0.6,28.1,6.193,38.348,0.483,27.5,3.3,4.155,5.42,11.35,12.2,14.65,18.68,4,7,9,14,15,0.25,0.4375,0.4375,0.0625,0.0,0.0625,7,0.4375,14,0.875,2,0.125,7,0.4375,19-36:7 | 37-64:1 | Did not play / no score:1 | Top 18:7,sleeper_league_matchup_exact,cached_league_matchup_players_points,74.6,88.8,57.5,27.0,80.4,Tier A: weekly anchor
5045,Courtland Sutton,WR,DEN,30,8,11,11,17,11,11,6,0.6471,143.2,13.018,13.018,16.7,1.6,23.8,7.028,49.391,0.5398,22.2,10.3,6.307,2.7,7.7,16.7,18.0,19.1,2,6,7,9,10,0.1818,0.5455,0.2727,0.0909,0.0909,0.0,6,0.5455,9,0.8182,2,0.1818,6,0.5455,19-36:3 | 37-64:1 | Outside 64:1 | Top 18:6,sleeper_league_matchup_exact,cached_league_matchup_players_points,59.8,66.2,61.3,42.2,78.8,Tier B: strong stable starter
3294,Dak Prescott,QB,DAL,33,10,16,16,17,17,17,0,1.0,323.08,19.005,20.192,21.97,7.82,30.96,6.611,43.706,0.3274,23.14,7.715,5.394,10.29,15.81,21.97,23.525,28.17,14,15,15,16,16,0.8235,0.8824,0.0588,0.0,0.0,0.0588,14,0.8235,15,0.8824,2,0.1176,14,0.8235,13-24:1 | 25-36:1 | Did not play / no score:1 | Top 12:14,sleeper_league_matchup_exact,cached_league_matchup_players_points,68.0,80.0,80.0,30.7,78.7,Tier B: strong stable starter
6806,J.K. Dobbins,RB,DEN,27,6,10,10,17,10,10,7,0.5882,115.9,11.59,11.59,12.8,4.0,15.5,3.89,15.129,0.3356,11.5,6.075,3.43,6.61,9.1,12.8,15.175,15.41,0,5,7,9,10,0.0,0.5,0.4,0.1,0.0,0.0,5,0.5,9,0.9,1,0.1,5,0.5,19-36:4 | 37-64:1 | Top 18:5,sleeper_league_matchup_exact,cached_league_matchup_players_points,86.7,76.4,44.4,12.8,77.8,Tier B: strong stable starter
3198,Derrick Henry,RB,BAL,32,10,16,16,17,17,17,0,1.0,266.9,15.7,16.681,13.55,2.3,45.6,9.954,99.074,0.5967,43.3,10.325,7.541,8.55,10.525,13.55,20.85,26.0,7,11,12,14,16,0.4118,0.6471,0.1765,0.1176,0.0,0.0588,11,0.6471,14,0.8235,3,0.1765,11,0.6471,19-36:3 | 37-64:2 | Did not play / no score:1 | Top 18:11,sleeper_league_matchup_exact,cached_league_matchup_players_points,53.7,83.3,86.1,47.5,77.6,Tier B: strong stable starter
8110,Jake Ferguson,TE,DAL,27,4,14,14,17,16,16,1,0.9412,179.0,11.188,12.786,11.35,3.6,23.9,6.192,38.341,0.4843,20.3,8.8,5.267,5.62,8.15,11.35,16.95,21.69,12,14,14,14,14,0.75,0.875,0.0,0.0,0.0,0.125,12,0.75,14,0.875,2,0.125,12,0.75,13-24:2 | Did not play / no score:2 | Top 12:12,sleeper_league_matchup_exact,cached_league_matchup_players_points,57.1,82.9,88.6,42.9,76.9,Tier B: strong stable starter
6904,Jalen Hurts,QB,PHI,28,6,14,14,17,15,15,2,0.8824,273.26,18.217,19.519,19.45,4.4,30.86,6.967,48.538,0.3569,26.46,9.02,5.441,11.684,15.2,19.45,24.22,27.936,13,13,14,14,14,0.8667,0.8667,0.0667,0.0,0.0,0.0667,13,0.8667,14,0.9333,1,0.0667,13,0.8667,13-24:1 | Did not play / no score:1 | Top 12:13,sleeper_league_matchup_exact,cached_league_matchup_players_points,64.2,76.7,76.7,36.7,76.8,Tier B: strong stable starter
8228,Jaylen Warren,RB,PIT,27,4,11,11,17,13,13,4,0.7647,143.7,11.054,13.064,12.8,8.3,19.8,3.566,12.715,0.273,11.5,5.2,2.869,8.7,10.2,12.8,15.4,17.4,2,6,10,11,11,0.1538,0.4615,0.3846,0.0,0.0,0.1538,6,0.4615,11,0.8462,2,0.1538,6,0.4615,19-36:5 | Did not play / no score:2 | Top 18:6,sleeper_league_matchup_exact,cached_league_matchup_players_points,85.3,81.9,52.8,13.3,76.7,Tier B: strong stable starter
6794,Justin Jefferson,WR,MIN,27,6,15,15,17,16,16,1,0.9412,176.1,11.006,11.74,12.5,2.4,22.6,5.599,31.346,0.4769,20.2,6.4,4.504,3.54,8.25,12.5,14.65,18.26,3,7,11,15,15,0.1875,0.4375,0.5,0.0,0.0,0.0625,7,0.4375,15,0.9375,1,0.0625,7,0.4375,19-36:8 | Did not play / no score:1 | Top 18:7,sleeper_league_matchup_exact,cached_league_matchup_players_points,77.7,72.5,56.2,24.0,76.7,Tier B: strong stable starter
5846,DK Metcalf,WR,PIT,28,7,15,15,17,16,16,1,0.9412,187.2,11.7,12.48,12.2,2.6,23.6,5.796,33.592,0.4644,21.0,7.4,4.723,6.32,8.1,12.2,15.5,20.88,5,7,9,14,15,0.3125,0.4375,0.4375,0.0625,0.0,0.0625,7,0.4375,14,0.875,2,0.125,7,0.4375,19-36:7 | 37-64:1 | Did not play / no score:1 | Top 18:7,sleeper_league_matchup_exact,cached_league_matchup_players_points,77.4,70.0,72.5,24.0,76.3,Tier B: strong stable starter
7002,Juwan Johnson,TE,NO,29,6,10,10,17,11,11,6,0.6471,108.1,9.827,10.81,11.6,1.5,19.2,5.366,28.795,0.4964,17.7,8.0,4.388,3.48,6.925,11.6,14.925,16.23,7,7,10,10,10,0.6364,0.6364,0.2727,0.0,0.0,0.0909,7,0.6364,10,0.9091,1,0.0909,7,0.6364,13-24:3 | Did not play / no score:1 | Top 12:7,sleeper_league_matchup_exact,cached_league_matchup_players_points,64.6,71.4,51.4,36.6,76.1,Tier B: strong stable starter
5870,Daniel Jones,QB,IND,29,7,10,10,17,11,11,6,0.6471,199.66,18.151,19.966,19.65,12.38,29.48,4.821,23.241,0.2415,17.1,6.55,4.274,15.476,16.545,19.65,23.095,24.08,8,9,10,10,10,0.7273,0.8182,0.0909,0.0,0.0,0.0909,8,0.7273,10,0.9091,1,0.0909,8,0.7273,13-24:2 | Did not play / no score:1 | Top 12:8,sleeper_league_matchup_exact,cached_league_matchup_players_points,73.2,83.3,40.0,25.3,76.0,Tier B: strong stable starter
9484,Tucker Kraft,TE,GB,25,3,8,8,17,9,9,8,0.5294,117.2,13.022,14.65,11.45,4.0,33.3,9.233,85.247,0.6302,29.3,9.8,7.637,5.33,8.9,11.45,18.7,27.07,5,7,8,8,8,0.5556,0.7778,0.1111,0.0,0.0,0.1111,5,0.5556,8,0.8889,1,0.1111,5,0.5556,13-24:3 | Did not play / no score:1 | Top 12:5,sleeper_league_matchup_exact,cached_league_matchup_players_points,43.4,88.6,97.1,58.9,75.1,Tier B: strong stable starter
6790,D'Andre Swift,RB,CHI,27,6,10,10,17,12,12,5,0.7059,137.3,11.442,13.73,14.35,1.9,25.5,6.209,38.552,0.4522,23.6,5.95,4.744,8.29,9.825,14.35,15.775,21.27,2,4,8,10,10,0.1667,0.3333,0.5,0.0,0.0,0.1667,4,0.3333,10,0.8333,2,0.1667,4,0.3333,19-36:6 | Did not play / no score:2 | Top 18:4,sleeper_league_matchup_exact,cached_league_matchup_players_points,71.9,80.6,76.4,27.8,74.9,Tier B: strong stable starter
6797,Justin Herbert,QB,LAC,28,6,11,11,17,11,11,6,0.6471,215.14,19.558,19.558,18.76,4.34,29.9,7.498,56.224,0.3834,25.56,11.95,6.285,14.52,15.15,18.76,27.1,28.7,7,11,11,11,11,0.6364,1.0,0.0,0.0,0.0,0.0,7,0.6364,11,1.0,0,0.0,7,0.6364,13-24:4 | Top 12:7,sleeper_league_matchup_exact,cached_league_matchup_players_points,66.5,73.3,86.7,35.3,74.7,Tier B: strong stable starter
12506,Harold Fannin,TE,CLE,22,1,13,13,17,14,14,3,0.8235,144.6,10.329,11.123,9.8,4.5,25.4,5.728,32.813,0.515,20.9,6.0,4.471,4.78,7.6,9.8,13.6,17.74,10,11,13,13,13,0.7143,0.7857,0.1429,0.0,0.0,0.0714,10,0.7143,13,0.9286,1,0.0714,10,0.7143,13-24:3 | Did not play / no score:1 | Top 12:10,sleeper_league_matchup_exact,cached_league_matchup_players_points,59.3,77.1,60.0,42.9,74.7,Tier B: strong stable starter
9754,Quentin Johnston,WR,LAC,24,3,8,8,17,11,11,6,0.6471,121.9,11.082,15.238,15.1,6.9,24.9,6.033,36.395,0.3959,18.0,7.325,4.737,8.51,10.55,15.1,17.875,24.13,2,3,5,7,8,0.1818,0.2727,0.3636,0.0909,0.0,0.2727,3,0.2727,7,0.6364,4,0.3636,3,0.2727,19-36:4 | 37-64:1 | Did not play / no score:3 | Top 18:3,sleeper_league_matchup_exact,cached_league_matchup_players_points,70.4,87.5,83.8,28.5,74.6,Tier B: strong stable starter
12526,Tetairoa McMillan,WR,CAR,23,1,13,13,17,14,14,3,0.8235,175.6,12.543,13.508,11.5,6.3,33.0,6.532,42.667,0.4836,26.7,5.8,4.58,7.96,10.2,11.5,16.0,17.7,2,6,7,11,13,0.1429,0.4286,0.3571,0.1429,0.0,0.0714,6,0.4286,11,0.7857,3,0.2143,6,0.4286,19-36:5 | 37-64:2 | Did not play / no score:1 | Top 18:6,sleeper_league_matchup_exact,cached_league_matchup_players_points,68.3,85.0,48.8,32.8,74.2,Tier B: strong stable starter
6819,Michael Pittman,WR,PIT,28,6,12,12,17,13,13,4,0.7647,166.0,12.769,13.833,15.0,2.3,23.5,7.185,51.626,0.5194,21.2,13.125,6.211,3.91,7.0,15.0,20.125,20.77,4,6,8,10,12,0.3077,0.4615,0.3077,0.1538,0.0,0.0769,6,0.4615,10,0.7692,3,0.2308,6,0.4615,19-36:4 | 37-64:2 | Did not play / no score:1 | Top 18:6,sleeper_league_matchup_exact,cached_league_matchup_players_points,61.6,53.8,71.2,40.0,73.5,Tier B: strong stable starter
8155,Breece Hall,RB,NYJ,25,4,13,13,17,14,14,3,0.8235,172.76,12.34,13.289,13.9,4.3,32.86,7.506,56.342,0.5648,28.56,9.3,5.99,5.82,7.2,13.9,16.5,19.1,5,7,9,12,13,0.3571,0.5,0.3571,0.0714,0.0,0.0714,7,0.5,12,0.8571,2,0.1429,7,0.5,19-36:5 | 37-64:1 | Did not play / no score:1 | Top 18:7,sleeper_league_matchup_exact,cached_league_matchup_players_points,60.6,63.9,66.7,40.6,73.5,Tier B: strong stable starter
421,Matthew Stafford,QB,LAR,38,17,11,11,17,11,11,6,0.6471,213.4,19.4,19.4,18.32,9.34,27.4,6.504,42.298,0.3352,18.06,12.62,6.087,13.2,13.61,18.32,26.23,27.38,8,10,11,11,11,0.7273,0.9091,0.0909,0.0,0.0,0.0,8,0.7273,11,1.0,0,0.0,8,0.7273,13-24:3 | Top 12:8,sleeper_league_matchup_exact,cached_league_matchup_players_points,79.3,56.7,70.0,21.3,72.2,Tier B: strong stable starter
7526,Jaylen Waddle,WR,DEN,27,5,14,14,17,15,15,2,0.8824,181.22,12.081,12.944,14.55,2.5,23.0,6.371,40.591,0.4922,20.5,10.825,5.795,5.32,7.2,14.55,18.025,20.45,5,7,10,11,14,0.3333,0.4667,0.2667,0.2,0.0,0.0667,7,0.4667,11,0.7333,4,0.2667,7,0.4667,19-36:4 | 37-64:3 | Did not play / no score:1 | Top 18:7,sleeper_league_matchup_exact,cached_league_matchup_players_points,61.9,60.0,67.5,38.8,71.8,Tier B: strong stable starter
10236,Dalton Kincaid,TE,BUF,26,3,8,8,17,10,10,7,0.5882,97.8,9.78,12.225,12.3,3.3,22.1,6.15,37.819,0.503,18.8,9.8,5.6,4.98,7.2,12.3,17.0,18.95,7,7,8,8,8,0.7,0.7,0.1,0.0,0.0,0.2,7,0.7,8,0.8,2,0.2,7,0.7,13-24:1 | Did not play / no score:2 | Top 12:7,sleeper_league_matchup_exact,cached_league_matchup_players_points,46.0,74.3,74.3,53.7,71.6,Tier B: strong stable starter
8146,Garrett Wilson,WR,NYJ,26,4,6,6,17,11,11,6,0.6471,99.5,9.045,16.583,19.65,4.3,24.4,7.347,53.985,0.4431,20.1,10.4,6.622,6.65,11.525,19.65,21.925,23.45,4,4,4,4,6,0.3636,0.3636,0.0,0.1818,0.0,0.4545,4,0.3636,4,0.3636,7,0.6364,4,0.3636,37-64:2 | Did not play / no score:5 | Top 18:4,sleeper_league_matchup_exact,cached_league_matchup_players_points,50.3,92.5,81.2,47.5,71.4,Tier B: strong stable starter
11647,Kimani Vidal,RB,LAC,24,2,6,6,17,6,6,11,0.3529,74.0,12.333,12.333,12.65,3.0,22.8,8.037,64.599,0.6517,19.8,14.95,7.767,3.1,4.275,12.65,19.225,21.25,3,3,3,6,6,0.5,0.5,0.5,0.0,0.0,0.0,3,0.5,6,1.0,0,0.0,3,0.5,19-36:3 | Top 18:3,sleeper_league_matchup_exact,cached_league_matchup_players_points,64.4,36.1,75.0,38.6,71.2,Tier B: strong stable starter
11604,Brock Bowers,TE,LV,23,2,12,12,17,16,16,1,0.9412,176.2,11.012,14.683,12.85,3.7,43.3,9.693,93.948,0.6601,39.6,5.375,6.142,8.8,9.4,12.85,14.775,21.6,10,12,12,12,12,0.625,0.75,0.0,0.0,0.0,0.25,10,0.625,12,0.75,4,0.25,10,0.625,13-24:2 | Did not play / no score:4 | Top 12:10,sleeper_league_matchup_exact,cached_league_matchup_players_points,23.9,91.4,85.7,76.6,71.1,Tier B: strong stable starter
12508,Jaxson Dart,QB,NYG,23,1,9,9,17,12,12,5,0.7059,177.5,14.792,19.722,19.84,1.02,29.42,8.149,66.41,0.4132,28.4,8.7,6.069,11.052,17.58,19.84,26.28,27.676,8,9,9,9,9,0.6667,0.75,0.0,0.0,0.0,0.25,8,0.6667,9,0.75,3,0.25,8,0.6667,13-24:1 | Did not play / no score:3 | Top 12:8,sleeper_league_matchup_exact,cached_league_matchup_players_points,37.0,96.7,73.3,62.7,70.2,Tier B: strong stable starter
11584,Bucky Irving,RB,TB,23,2,9,9,17,17,17,0,1.0,127.7,7.512,14.189,14.5,7.1,25.5,5.505,30.303,0.388,18.4,7.8,4.301,7.9,8.3,14.5,16.1,19.58,6,8,9,9,9,0.3529,0.4706,0.0588,0.0,0.0,0.4706,8,0.4706,9,0.5294,8,0.4706,8,0.4706,19-36:1 | Did not play / no score:8 | Top 18:8,sleeper_league_matchup_exact,cached_league_matchup_players_points,65.5,72.2,68.1,32.2,69.4,Tier B: strong stable starter
4892,Baker Mayfield,QB,TB,31,8,11,11,17,12,12,5,0.7059,188.84,15.737,17.167,19.64,4.08,26.66,6.782,46.001,0.3951,22.58,6.32,5.411,5.54,14.92,19.64,21.24,22.92,10,11,11,11,11,0.8333,0.9167,0.0,0.0,0.0,0.0833,10,0.8333,11,0.9167,1,0.0833,10,0.8333,13-24:1 | Did not play / no score:1 | Top 12:10,sleeper_league_matchup_exact,cached_league_matchup_players_points,54.2,66.7,30.0,46.7,68.8,Tier B: strong stable starter
5859,A.J. Brown,WR,NE,29,7,14,14,17,16,16,1,0.9412,208.5,13.031,14.893,13.05,1.8,35.2,9.719,94.455,0.6526,33.4,13.7,8.049,2.88,8.1,13.05,21.8,27.17,6,9,9,9,12,0.375,0.5625,0.0,0.1875,0.125,0.125,9,0.5625,9,0.5625,7,0.4375,9,0.5625,37-64:3 | Did not play / no score:2 | Outside 64:2 | Top 18:9,sleeper_league_matchup_exact,cached_league_matchup_players_points,32.7,70.0,91.2,69.0,68.5,Tier B: strong stable starter
12527,Ashton Jeanty,RB,LV,22,1,15,15,17,16,16,1,0.9412,200.9,12.556,13.393,12.0,4.4,33.5,7.681,58.999,0.5735,29.1,8.45,6.085,6.0,7.8,12.0,16.25,22.84,5,9,12,12,15,0.3125,0.5625,0.1875,0.1875,0.0,0.0625,9,0.5625,12,0.75,4,0.25,9,0.5625,19-36:3 | 37-64:3 | Did not play / no score:1 | Top 18:9,sleeper_league_matchup_exact,cached_league_matchup_players_points,52.2,69.4,81.9,48.3,68.5,Tier B: strong stable starter
4217,George Kittle,TE,SF,32,9,9,9,17,17,17,0,1.0,153.6,9.035,17.067,14.3,6.9,24.7,6.408,41.064,0.3755,17.8,10.9,6.03,9.94,12.5,14.3,23.4,24.54,8,9,9,9,9,0.4706,0.5294,0.0,0.0,0.0,0.4706,8,0.4706,9,0.5294,8,0.4706,8,0.4706,13-24:1 | Did not play / no score:8 | Top 12:8,sleeper_league_matchup_exact,cached_league_matchup_players_points,53.9,97.1,94.3,42.3,68.3,Tier B: strong stable starter
8148,Jameson Williams,WR,DET,25,4,13,13,17,16,16,1,0.9412,180.1,11.256,13.854,16.6,2.0,26.9,7.638,58.332,0.5513,24.9,12.5,6.896,5.7,6.3,16.6,18.8,23.06,8,9,9,9,13,0.5,0.5625,0.0,0.25,0.0,0.1875,9,0.5625,9,0.5625,7,0.4375,9,0.5625,37-64:4 | Did not play / no score:3 | Top 18:9,sleeper_league_matchup_exact,cached_league_matchup_players_points,44.4,45.0,77.5,56.2,68.1,Tier B: strong stable starter
7607,Michael Carter,RB,TEN,27,5,3,3,17,3,3,14,0.1765,32.3,10.767,10.767,8.4,5.6,18.3,5.448,29.682,0.506,12.7,6.35,5.022,6.16,7.0,8.4,13.35,16.32,1,1,1,3,3,0.3333,0.3333,0.6667,0.0,0.0,0.0,1,0.3333,3,1.0,0,0.0,1,0.3333,19-36:2 | Top 18:1,sleeper_league_matchup_exact,cached_league_matchup_players_points,78.9,62.5,50.0,22.8,68.1,Tier B: strong stable starter
8142,Alec Pierce,WR,IND,26,4,7,7,17,8,8,9,0.4706,85.7,10.713,12.243,10.8,4.6,18.4,4.569,20.877,0.3732,13.8,6.35,3.992,7.18,9.8,10.8,16.15,17.86,2,2,3,6,7,0.25,0.25,0.5,0.125,0.0,0.125,2,0.25,6,0.75,2,0.25,2,0.25,19-36:4 | 37-64:1 | Did not play / no score:1 | Top 18:2,sleeper_league_matchup_exact,cached_league_matchup_players_points,77.6,83.8,52.5,21.8,67.3,Tier B: strong stable starter
1339,Zach Ertz,TE,,35,13,9,9,17,10,10,7,0.5882,94.3,9.43,10.478,8.6,5.6,18.4,4.321,18.673,0.4124,12.8,5.9,3.798,6.0,6.8,8.6,12.7,16.72,6,8,9,9,9,0.6,0.8,0.1,0.0,0.0,0.1,6,0.6,9,0.9,1,0.1,6,0.6,13-24:3 | Did not play / no score:1 | Top 12:6,sleeper_league_matchup_exact,cached_league_matchup_players_points,77.4,65.7,54.3,22.3,67.0,Tier B: strong stable starter
11635,Ladd McConkey,WR,LAC,24,2,15,15,17,16,16,1,0.9412,176.8,11.05,11.787,13.4,2.1,23.0,6.581,43.304,0.5583,20.9,9.1,5.654,2.92,6.2,13.4,15.3,20.76,5,8,10,12,14,0.3125,0.5,0.25,0.125,0.0625,0.0625,8,0.5,12,0.75,4,0.25,8,0.5,19-36:4 | 37-64:2 | Did not play / no score:1 | Outside 64:1 | Top 18:8,sleeper_league_matchup_exact,cached_league_matchup_players_points,52.1,43.8,70.0,49.5,66.7,Tier B: strong stable starter
4137,James Conner,RB,ARI,31,9,3,3,17,3,3,14,0.1765,33.3,11.1,11.1,12.2,6.7,14.4,3.238,10.487,0.2917,7.7,3.85,2.933,7.8,9.45,12.2,13.3,13.96,0,1,1,2,3,0.0,0.3333,0.3333,0.3333,0.0,0.0,1,0.3333,2,0.6667,1,0.3333,1,0.3333,19-36:1 | 37-64:1 | Top 18:1,sleeper_league_matchup_exact,cached_league_matchup_players_points,74.0,79.2,37.5,23.6,66.7,Tier B: strong stable starter
11620,Rome Odunze,WR,CHI,24,2,11,11,17,13,13,4,0.7647,146.1,11.238,13.282,15.2,2.8,31.8,8.333,69.438,0.6274,29.0,12.0,7.074,5.1,5.65,15.2,17.65,20.6,3,6,7,9,11,0.2308,0.4615,0.2308,0.1538,0.0,0.1538,6,0.4615,9,0.6923,4,0.3077,6,0.4615,19-36:3 | 37-64:2 | Did not play / no score:2 | Top 18:6,sleeper_league_matchup_exact,cached_league_matchup_players_points,41.1,38.8,68.8,61.0,66.1,Tier B: strong stable starter
8126,Wan'Dale Robinson,WR,TEN,25,4,15,15,17,16,16,1,0.9412,195.6,12.225,13.04,11.5,3.6,30.6,7.856,61.717,0.6025,27.0,8.25,6.195,4.72,7.7,11.5,15.95,25.08,4,6,9,12,15,0.25,0.375,0.375,0.1875,0.0,0.0625,6,0.375,12,0.75,4,0.25,6,0.375,19-36:6 | 37-64:3 | Did not play / no score:1 | Top 18:6,sleeper_league_matchup_exact,cached_league_matchup_players_points,46.6,66.2,86.2,55.5,66.1,Tier B: strong stable starter
9756,Jordan Addison,WR,MIN,24,3,7,7,17,11,11,6,0.6471,88.8,8.073,12.686,11.6,6.5,21.8,4.8,23.041,0.3784,15.3,6.05,4.069,7.64,9.2,11.6,15.25,17.96,1,3,5,7,7,0.0909,0.2727,0.3636,0.0,0.0,0.3636,3,0.2727,7,0.6364,4,0.3636,3,0.2727,19-36:4 | Did not play / no score:4 | Top 18:3,sleeper_league_matchup_exact,cached_league_matchup_players_points,71.8,78.8,53.8,27.0,65.6,Tier B: strong stable starter
7525,DeVonta Smith,WR,PHI,27,5,13,13,17,14,14,3,0.8235,165.9,11.85,12.762,9.8,1.8,33.3,8.098,65.579,0.6346,31.5,9.2,6.512,4.66,7.7,9.8,16.9,19.88,3,8,8,10,13,0.2143,0.5714,0.1429,0.2143,0.0,0.0714,8,0.5714,10,0.7143,4,0.2857,8,0.5714,19-36:2 | 37-64:3 | Did not play / no score:1 | Top 18:8,sleeper_league_matchup_exact,cached_league_matchup_players_points,40.8,66.2,63.7,61.5,65.1,Tier B: strong stable starter
8112,Drake London,WR,ATL,25,4,11,11,17,17,17,0,1.0,184.1,10.829,16.736,13.5,1.4,38.8,11.45,131.099,0.6841,37.4,17.65,10.04,5.7,7.05,13.5,24.7,31.8,6,7,8,10,11,0.3529,0.4118,0.1765,0.0588,0.0,0.3529,7,0.4118,10,0.5882,7,0.4118,7,0.4118,19-36:3 | 37-64:1 | Did not play / no score:6 | Top 18:7,sleeper_league_matchup_exact,cached_league_matchup_players_points,30.2,55.0,96.2,72.0,64.3,Tier C: useful but some volatility
6801,Tee Higgins,WR,CIN,27,6,14,14,17,17,17,0,1.0,192.9,11.347,13.779,11.3,2.5,33.1,8.127,66.05,0.5898,30.6,6.575,6.204,6.23,8.55,11.3,15.125,25.52,5,6,10,11,13,0.2941,0.3529,0.2941,0.1176,0.0588,0.1765,6,0.3529,11,0.6471,6,0.3529,6,0.3529,19-36:5 | 37-64:2 | Did not play / no score:3 | Outside 64:1 | Top 18:6,sleeper_league_matchup_exact,cached_league_matchup_players_points,45.4,75.0,87.5,56.0,64.3,Tier C: useful but some volatility
2505,Darren Waller,TE,CAR,33,11,3,3,17,7,7,10,0.4118,45.7,6.529,15.233,17.7,9.2,18.8,4.29,18.402,0.2816,9.6,4.8,4.022,10.9,13.45,17.7,18.25,18.58,2,3,3,3,3,0.2857,0.4286,0.0,0.0,0.0,0.5714,2,0.2857,3,0.4286,4,0.5714,2,0.2857,13-24:1 | Did not play / no score:4 | Top 12:2,sleeper_league_matchup_exact,cached_league_matchup_players_points,53.4,100.0,68.6,41.7,64.1,Tier C: useful but some volatility
11628,Marvin Harrison,WR,ARI,24,2,10,10,17,12,12,5,0.7059,125.4,10.45,12.54,13.35,4.7,22.6,5.813,33.788,0.4635,17.9,9.65,5.012,5.15,7.5,13.35,17.15,19.0,2,4,6,7,10,0.1667,0.3333,0.25,0.25,0.0,0.1667,4,0.3333,7,0.5833,5,0.4167,4,0.3333,19-36:3 | 37-64:3 | Did not play / no score:2 | Top 18:4,sleeper_league_matchup_exact,cached_league_matchup_players_points,60.6,62.5,60.0,38.8,64.0,Tier C: useful but some volatility
8151,Kenneth Walker,RB,KC,25,4,13,13,17,14,14,3,0.8235,138.6,9.9,10.662,9.6,3.8,20.1,5.252,27.581,0.4926,16.3,6.5,4.414,4.84,6.6,9.6,13.1,18.64,3,4,7,12,13,0.2143,0.2857,0.5714,0.0714,0.0,0.0714,4,0.2857,12,0.8571,2,0.1429,4,0.2857,19-36:8 | 37-64:1 | Did not play / no score:1 | Top 18:4,sleeper_league_matchup_exact,cached_league_matchup_players_points,71.3,61.1,62.5,28.9,63.9,Tier C: useful but some volatility
2449,Stefon Diggs,WR,WAS,32,11,13,13,17,13,13,4,0.7647,152.5,11.731,11.731,11.7,4.0,24.6,5.962,35.544,0.5082,20.6,9.8,4.941,5.36,5.8,11.7,15.6,18.82,2,4,8,11,13,0.1538,0.3077,0.5385,0.1538,0.0,0.0,4,0.3077,11,0.8462,2,0.1538,4,0.3077,19-36:7 | 37-64:2 | Top 18:4,sleeper_league_matchup_exact,cached_league_matchup_players_points,67.0,41.2,58.8,34.8,63.6,Tier C: useful but some volatility
7021,Rico Dowdle,RB,PIT,28,6,14,14,17,15,15,2,0.8824,195.7,13.047,13.979,11.1,2.9,33.9,9.962,99.237,0.7126,31.0,8.7,7.83,3.72,6.525,11.1,15.225,31.11,3,6,10,11,14,0.2,0.4,0.3333,0.2,0.0,0.0667,6,0.4,11,0.7333,4,0.2667,6,0.4,19-36:5 | 37-64:3 | Did not play / no score:1 | Top 18:6,sleeper_league_matchup_exact,cached_league_matchup_players_points,40.9,59.7,94.4,60.6,63.5,Tier C: useful but some volatility
5872,Deebo Samuel,WR,SF,30,7,12,12,17,14,14,3,0.8235,159.0,11.357,13.25,12.0,4.2,23.6,7.011,49.159,0.5292,19.4,13.875,6.358,4.95,6.375,12.0,20.25,22.41,4,6,8,10,12,0.2857,0.4286,0.2857,0.1429,0.0,0.1429,6,0.4286,10,0.7143,4,0.2857,6,0.4286,19-36:4 | 37-64:2 | Did not play / no score:2 | Top 18:6,sleeper_league_matchup_exact,cached_league_matchup_players_points,53.2,46.2,76.2,48.0,63.2,Tier C: useful but some volatility
12512,Quinshon Judkins,RB,CLE,22,1,13,13,17,15,15,2,0.8824,159.7,10.647,12.285,10.5,3.6,26.4,6.704,44.947,0.5457,22.8,10.6,5.707,4.7,5.9,10.5,16.5,20.54,5,6,9,12,13,0.3333,0.4,0.4,0.0667,0.0,0.1333,6,0.4,12,0.8,3,0.2,6,0.4,19-36:6 | 37-64:1 | Did not play / no score:2 | Top 18:6,sleeper_league_matchup_exact,cached_league_matchup_players_points,58.7,50.0,70.8,41.7,63.0,Tier C: useful but some volatility
5967,Tony Pollard,RB,TEN,29,7,11,11,17,12,12,5,0.7059,103.0,8.583,9.364,8.1,5.6,14.8,2.954,8.728,0.3155,9.2,4.1,2.536,6.3,7.25,8.1,11.35,13.9,0,3,5,11,11,0.0,0.25,0.6667,0.0,0.0,0.0833,3,0.25,11,0.9167,1,0.0833,3,0.25,19-36:8 | Did not play / no score:1 | Top 18:3,sleeper_league_matchup_exact,cached_league_matchup_players_points,88.1,65.3,36.1,11.4,62.8,Tier C: useful but some volatility
7594,Chuba Hubbard,RB,CAR,27,5,7,7,17,9,9,8,0.5294,75.5,8.389,10.786,9.6,2.5,18.7,5.302,28.116,0.4916,16.2,5.45,4.294,5.5,8.45,9.6,13.9,18.22,2,2,3,7,7,0.2222,0.2222,0.5556,0.0,0.0,0.2222,2,0.2222,7,0.7778,2,0.2222,2,0.2222,19-36:5 | Did not play / no score:2 | Top 18:2,sleeper_league_matchup_exact,cached_league_matchup_players_points,66.5,75.0,59.7,33.1,62.7,Tier C: useful but some volatility
12514,Emeka Egbuka,WR,TB,23,1,13,13,17,14,14,3,0.8235,173.5,12.393,13.346,9.8,3.5,31.3,8.369,70.046,0.6271,27.8,13.6,7.118,4.76,6.5,9.8,20.1,23.58,4,4,9,12,13,0.2857,0.2857,0.5714,0.0714,0.0,0.0714,4,0.2857,12,0.8571,2,0.1429,4,0.2857,19-36:8 | 37-64:1 | Did not play / no score:1 | Top 18:4,sleeper_league_matchup_exact,cached_league_matchup_players_points,53.6,47.5,82.5,49.7,62.6,Tier C: useful but some volatility
8183,Brock Purdy,QB,SF,26,4,5,5,17,9,9,8,0.5294,106.86,11.873,21.372,19.66,10.32,31.9,7.293,53.189,0.3412,21.58,7.42,6.142,13.704,18.78,19.66,26.2,29.62,4,5,5,5,5,0.4444,0.5556,0.0,0.0,0.0,0.4444,4,0.4444,5,0.5556,4,0.4444,4,0.4444,13-24:1 | Did not play / no score:4 | Top 12:4,sleeper_league_matchup_exact,cached_league_matchup_players_points,39.7,100.0,93.3,57.3,62.2,Tier C: useful but some volatility
10859,Sam LaPorta,TE,DET,25,3,9,9,17,11,11,6,0.6471,106.9,9.718,11.878,10.3,4.5,21.7,6.085,37.028,0.5123,17.2,9.6,5.509,5.38,6.9,10.3,16.5,20.5,5,8,9,9,9,0.4545,0.7273,0.0909,0.0,0.0,0.1818,5,0.4545,9,0.8182,2,0.1818,5,0.4545,13-24:4 | Did not play / no score:2 | Top 12:5,sleeper_league_matchup_exact,cached_league_matchup_players_points,46.7,68.6,80.0,53.7,61.9,Tier C: useful but some volatility
7553,Kyle Pitts,TE,ATL,25,5,14,14,17,15,15,2,0.8824,168.8,11.253,12.057,7.85,3.4,45.6,10.571,111.747,0.8767,42.2,9.425,7.28,3.87,5.05,7.85,14.475,18.49,9,13,14,14,14,0.6,0.8667,0.0667,0.0,0.0,0.0667,9,0.6,14,0.9333,1,0.0667,9,0.6,13-24:5 | Did not play / no score:1 | Top 12:9,sleeper_league_matchup_exact,cached_league_matchup_players_points,41.4,42.9,65.7,62.9,61.1,Tier C: useful but some volatility
5892,David Montgomery,RB,HOU,29,7,12,12,17,13,13,4,0.7647,129.52,9.963,10.793,9.2,1.2,29.4,7.039,49.547,0.6522,28.2,6.375,5.092,4.82,6.5,9.2,12.875,17.708,2,4,5,11,12,0.1538,0.3077,0.5385,0.0769,0.0,0.0769,4,0.3077,11,0.8462,2,0.1538,4,0.3077,19-36:7 | 37-64:1 | Did not play / no score:1 | Top 18:4,sleeper_league_matchup_exact,cached_league_matchup_players_points,51.7,58.3,55.6,50.0,60.9,Tier C: useful but some volatility
1479,Keenan Allen,WR,,33,13,12,12,17,13,13,4,0.7647,146.2,11.246,12.183,9.0,3.9,28.9,7.155,51.2,0.5873,25.0,10.775,6.094,6.16,6.925,9.0,17.7,19.77,3,4,6,11,12,0.2308,0.3077,0.5385,0.0769,0.0,0.0769,4,0.3077,11,0.8462,2,0.1538,4,0.3077,19-36:7 | 37-64:1 | Did not play / no score:1 | Top 18:4,sleeper_league_matchup_exact,cached_league_matchup_players_points,58.1,52.5,62.5,44.5,59.3,Tier C: useful but some volatility
8676,Rashid Shaheed,WR,SEA,27,4,10,10,17,10,10,7,0.5882,107.7,10.77,10.77,9.25,3.3,21.4,4.879,23.806,0.453,18.1,5.775,3.964,6.45,8.05,9.25,13.825,15.82,1,2,3,8,10,0.1,0.2,0.6,0.2,0.0,0.0,2,0.2,8,0.8,2,0.2,2,0.2,19-36:6 | 37-64:2 | Top 18:2,sleeper_league_matchup_exact,cached_league_matchup_players_points,73.7,67.5,36.2,27.0,59.1,Tier C: useful but some volatility
11560,Caleb Williams,QB,CHI,24,2,10,10,17,11,11,6,0.6471,196.56,17.869,19.656,18.93,5.68,38.7,9.392,88.216,0.4778,33.02,12.09,7.744,9.856,12.785,18.93,24.875,30.078,7,9,10,10,10,0.6364,0.8182,0.0909,0.0,0.0,0.0909,7,0.6364,10,0.9091,1,0.0909,7,0.6364,13-24:3 | Did not play / no score:1 | Top 12:7,sleeper_league_matchup_exact,cached_league_matchup_players_points,34.7,40.0,96.7,67.3,58.7,Tier C: useful but some volatility
4035,Alvin Kamara,RB,NO,31,9,11,11,17,12,12,5,0.7059,100.7,8.392,9.155,9.5,0.7,16.0,4.67,21.808,0.5101,15.3,6.95,4.104,3.5,6.2,9.5,13.15,14.5,0,3,4,10,11,0.0,0.25,0.5833,0.0833,0.0,0.0833,3,0.25,10,0.8333,2,0.1667,3,0.25,19-36:7 | 37-64:1 | Did not play / no score:1 | Top 18:3,sleeper_league_matchup_exact,cached_league_matchup_players_points,65.0,54.2,40.3,35.3,58.7,Tier C: useful but some volatility
4033,David Njoku,TE,LAC,30,9,7,7,17,8,8,9,0.4706,65.0,8.125,9.286,8.0,3.1,18.7,4.884,23.85,0.5259,15.6,5.1,3.951,4.72,6.25,8.0,11.35,15.7,4,6,7,7,7,0.5,0.75,0.125,0.0,0.0,0.125,4,0.5,7,0.875,1,0.125,4,0.5,13-24:3 | Did not play / no score:1 | Top 12:4,sleeper_league_matchup_exact,cached_league_matchup_players_points,46.1,62.9,45.7,54.9,58.3,Tier C: useful but some volatility
5022,Dallas Goedert,TE,PHI,31,8,11,11,17,13,13,4,0.7647,122.3,9.408,11.118,10.3,4.0,26.0,6.911,47.765,0.6216,22.0,9.85,5.532,4.4,4.75,10.3,14.6,19.7,8,11,11,11,11,0.6154,0.8462,0.0,0.0,0.0,0.1538,8,0.6154,11,0.8462,2,0.1538,8,0.6154,13-24:3 | Did not play / no score:2 | Top 12:8,sleeper_league_matchup_exact,cached_league_matchup_players_points,38.6,34.3,77.1,62.9,57.9,Tier C: useful but some volatility
2216,Mike Evans,WR,SF,32,12,4,4,17,8,8,9,0.4706,46.1,5.763,11.525,11.35,10.1,13.3,1.262,1.592,0.1095,3.2,1.925,1.175,10.25,10.475,11.35,12.4,12.94,1,1,1,4,4,0.125,0.125,0.375,0.0,0.0,0.5,1,0.125,4,0.5,4,0.5,1,0.125,19-36:3 | Did not play / no score:4 | Top 18:1,sleeper_league_matchup_exact,cached_league_matchup_players_points,70.1,86.2,21.2,26.8,57.8,Tier C: useful but some volatility
8134,Khalil Shakir,WR,BUF,26,4,12,12,17,13,13,4,0.7647,128.4,9.877,10.7,11.85,0.7,20.8,6.403,40.998,0.5984,20.1,9.85,5.35,1.57,5.275,11.85,15.125,17.81,2,3,6,11,11,0.1538,0.2308,0.6154,0.0,0.0769,0.0769,3,0.2308,11,0.8462,2,0.1538,3,0.2308,19-36:8 | Did not play / no score:1 | Outside 64:1 | Top 18:3,sleeper_league_matchup_exact,cached_league_matchup_players_points,55.3,31.2,51.2,47.5,57.6,Tier C: useful but some volatility
12489,RJ Harvey,RB,DEN,25,1,14,14,17,15,15,2,0.8824,161.6,10.773,11.543,7.95,3.4,24.1,7.223,52.174,0.6258,20.7,12.875,6.569,4.04,6.125,7.95,19.0,21.76,5,6,6,12,14,0.3333,0.4,0.4,0.1333,0.0,0.0667,6,0.4,12,0.8,3,0.2,6,0.4,19-36:6 | 37-64:2 | Did not play / no score:1 | Top 18:6,sleeper_league_matchup_exact,cached_league_matchup_players_points,49.5,51.4,77.8,51.7,57.5,Tier C: useful but some volatility
12507,Omarion Hampton,RB,LAC,23,1,7,7,17,15,15,2,0.8824,99.2,6.613,14.171,13.0,3.5,27.5,8.364,69.951,0.5902,24.0,12.0,7.024,5.9,7.8,13.0,19.8,25.94,3,3,5,6,7,0.2,0.2,0.2,0.0667,0.0,0.5333,3,0.2,6,0.4,9,0.6,3,0.2,19-36:3 | 37-64:1 | Did not play / no score:8 | Top 18:3,sleeper_league_matchup_exact,cached_league_matchup_players_points,36.9,69.4,84.7,62.2,57.1,Tier C: useful but some volatility
12529,TreVeyon Henderson,RB,NE,23,1,15,15,17,16,16,1,0.9412,180.7,11.294,12.047,11.1,0.5,32.3,9.769,95.425,0.8109,31.8,7.55,7.396,3.16,5.1,11.1,12.65,29.26,3,6,8,11,15,0.1875,0.375,0.3125,0.25,0.0,0.0625,6,0.375,11,0.6875,5,0.3125,6,0.375,19-36:5 | 37-64:4 | Did not play / no score:1 | Top 18:6,sleeper_league_matchup_exact,cached_league_matchup_players_points,32.3,45.8,93.1,69.4,56.9,Tier C: useful but some volatility
5848,Marquise Brown,WR,PHI,29,7,7,7,17,8,8,9,0.4706,87.6,10.95,12.514,9.4,8.0,20.5,5.083,25.841,0.4062,12.5,7.85,4.473,8.12,8.5,9.4,16.35,20.14,2,2,3,4,7,0.25,0.25,0.25,0.375,0.0,0.125,2,0.25,4,0.5,4,0.5,2,0.25,19-36:2 | 37-64:3 | Did not play / no score:1 | Top 18:2,sleeper_league_matchup_exact,cached_league_matchup_players_points,58.4,73.8,65.0,39.5,56.1,Tier C: useful but some volatility
9753,Zach Charbonnet,RB,SEA,25,3,11,11,17,13,13,4,0.7647,107.4,8.262,9.764,10.7,1.0,19.5,4.849,23.513,0.4966,18.5,5.95,3.876,4.7,6.15,10.7,12.1,14.3,1,2,4,10,11,0.0769,0.1538,0.6154,0.0769,0.0,0.1538,2,0.1538,10,0.7692,3,0.2308,2,0.1538,19-36:8 | 37-64:1 | Did not play / no score:2 | Top 18:2,sleeper_league_matchup_exact,cached_league_matchup_players_points,64.3,52.8,38.9,35.3,56.0,Tier C: useful but some volatility
8698,Jake Tonges,TE,SF,27,4,3,3,17,3,3,14,0.1765,23.0,7.667,7.667,7.1,4.1,11.8,3.169,10.042,0.4133,7.7,3.85,2.756,4.7,5.6,7.1,9.45,10.86,1,2,3,3,3,0.3333,0.6667,0.3333,0.0,0.0,0.0,1,0.3333,3,1.0,0,0.0,1,0.3333,13-24:2 | Top 12:1,sleeper_league_matchup_exact,cached_league_matchup_players_points,86.1,51.4,22.9,14.9,56.0,Tier C: useful but some volatility
12497,Tory Horton,WR,SEA,23,1,4,4,17,6,6,11,0.3529,44.3,7.383,11.075,12.05,2.0,18.2,5.841,34.117,0.5274,16.2,5.325,4.537,4.76,8.9,12.05,14.225,16.61,1,1,2,3,3,0.1667,0.1667,0.3333,0.0,0.1667,0.3333,1,0.1667,3,0.5,3,0.5,1,0.1667,19-36:2 | Did not play / no score:2 | Outside 64:1 | Top 18:1,sleeper_league_matchup_exact,cached_league_matchup_players_points,40.5,77.5,43.8,59.0,55.9,Tier C: useful but some volatility
3163,Jared Goff,QB,DET,31,10,12,12,17,13,13,4,0.7647,212.12,16.317,17.677,16.49,11.34,33.96,6.212,38.588,0.3514,22.62,6.555,4.669,11.978,12.995,16.49,19.55,24.332,8,9,12,12,12,0.6154,0.6923,0.2308,0.0,0.0,0.0769,8,0.6154,12,0.9231,1,0.0769,8,0.6154,13-24:4 | Did not play / no score:1 | Top 12:8,sleeper_league_matchup_exact,cached_league_matchup_players_points,63.0,50.0,43.3,37.3,55.8,Tier C: useful but some volatility
8136,Rachaad White,RB,WAS,27,4,10,10,17,10,10,7,0.5882,104.0,10.4,10.4,8.5,2.4,23.1,6.107,37.298,0.5872,20.7,5.425,4.82,2.58,8.125,8.5,13.55,18.15,2,2,6,7,10,0.2,0.2,0.5,0.3,0.0,0.0,2,0.2,7,0.7,3,0.3,2,0.2,19-36:5 | 37-64:3 | Top 18:2,sleeper_league_matchup_exact,cached_league_matchup_players_points,49.0,70.8,58.3,51.4,55.7,Tier C: useful but some volatility
5947,Jakobi Meyers,WR,JAX,29,7,11,11,17,13,13,4,0.7647,116.5,8.962,10.591,9.3,6.3,17.7,3.779,14.284,0.3569,11.4,6.65,3.408,7.0,7.15,9.3,13.8,15.0,0,4,4,8,11,0.0,0.3077,0.3077,0.2308,0.0,0.1538,4,0.3077,8,0.6154,5,0.3846,4,0.3077,19-36:4 | 37-64:3 | Did not play / no score:2 | Top 18:4,sleeper_league_matchup_exact,cached_league_matchup_players_points,73.3,58.8,31.2,25.2,55.3,Tier C: useful but some volatility
11566,Jayden Daniels,QB,WAS,25,2,6,6,17,9,9,8,0.5294,113.56,12.618,18.927,18.72,16.22,22.64,2.15,4.623,0.1136,6.42,2.725,1.893,16.68,17.29,18.72,20.015,21.38,3,6,6,6,6,0.3333,0.6667,0.0,0.0,0.0,0.3333,3,0.3333,6,0.6667,3,0.3333,3,0.3333,13-24:3 | Did not play / no score:3 | Top 12:3,sleeper_league_matchup_exact,cached_league_matchup_players_points,58.8,90.0,16.7,37.3,54.7,Tier C: useful but some volatility
3214,Hunter Henry,TE,NE,31,10,11,11,17,11,11,6,0.6471,100.2,9.109,9.109,7.7,1.9,29.0,6.962,48.468,0.7643,27.1,3.7,4.395,1.9,6.15,7.7,9.85,11.9,4,9,10,11,11,0.3636,0.8182,0.1818,0.0,0.0,0.0,4,0.3636,10,0.9091,1,0.0909,4,0.3636,13-24:6 | 25-36:1 | Top 12:4,sleeper_league_matchup_exact,cached_league_matchup_players_points,42.6,60.0,34.3,60.6,54.4,Tier C: useful but some volatility
4098,Kareem Hunt,RB,,30,9,13,13,17,13,13,4,0.7647,131.9,10.146,10.146,9.0,1.8,20.0,5.72,32.716,0.5637,18.2,8.6,4.942,4.4,4.6,9.0,13.2,18.4,3,6,8,8,13,0.2308,0.4615,0.1538,0.3846,0.0,0.0,6,0.4615,8,0.6154,5,0.3846,6,0.4615,19-36:2 | 37-64:5 | Top 18:6,sleeper_league_matchup_exact,cached_league_matchup_players_points,48.9,40.3,61.1,50.8,53.3,Tier C: useful but some volatility
5001,Dalton Schultz,TE,HOU,30,8,7,7,17,8,8,9,0.4706,57.7,7.213,8.243,8.0,4.4,13.7,3.026,9.157,0.3671,9.3,4.1,2.535,5.24,5.85,8.0,9.95,12.08,1,6,7,7,7,0.125,0.75,0.125,0.0,0.0,0.125,1,0.125,7,0.875,1,0.125,1,0.125,13-24:6 | Did not play / no score:1 | Top 12:1,sleeper_league_matchup_exact,cached_league_matchup_players_points,76.0,54.3,40.0,22.3,51.7,Tier C: useful but some volatility
11563,Bo Nix,QB,DEN,26,2,12,12,17,13,13,4,0.7647,223.58,17.198,18.632,17.66,7.8,39.96,8.527,72.713,0.4577,32.16,8.955,6.514,9.216,13.17,17.66,22.125,26.544,7,11,11,12,12,0.5385,0.8462,0.0769,0.0,0.0,0.0769,7,0.5385,11,0.8462,2,0.1538,7,0.5385,13-24:4 | 25-36:1 | Did not play / no score:1 | Top 12:7,sleeper_league_matchup_exact,cached_league_matchup_players_points,33.8,53.3,60.0,67.3,51.5,Tier C: useful but some volatility
8111,Cade Otton,TE,TB,27,4,7,7,17,9,9,8,0.5294,57.9,6.433,8.271,8.0,3.9,13.5,3.469,12.036,0.4194,9.6,5.95,3.11,4.44,5.15,8.0,11.1,12.66,5,5,7,7,7,0.5556,0.5556,0.2222,0.0,0.0,0.2222,5,0.5556,7,0.7778,2,0.2222,5,0.5556,13-24:2 | Did not play / no score:2 | Top 12:5,sleeper_league_matchup_exact,cached_league_matchup_players_points,56.3,48.6,42.9,41.7,51.4,Tier C: useful but some volatility
96,Aaron Rodgers,QB,PIT,42,21,5,5,17,5,5,12,0.2941,88.1,17.62,17.62,12.8,12.42,25.66,6.127,37.536,0.3477,13.24,11.9,5.992,12.516,12.66,12.8,24.56,25.22,2,2,5,5,5,0.4,0.4,0.6,0.0,0.0,0.0,2,0.4,5,1.0,0,0.0,2,0.4,13-24:3 | Top 12:2,sleeper_league_matchup_exact,cached_league_matchup_players_points,73.8,36.7,50.0,27.3,50.8,Tier C: useful but some volatility
7567,Kenny Gainwell,RB,TB,27,5,9,9,17,10,10,7,0.5882,96.3,9.63,10.7,7.4,3.5,31.4,8.408,70.687,0.7858,27.9,3.1,6.267,3.5,6.5,7.4,9.6,20.84,2,3,4,7,9,0.2,0.3,0.4,0.2,0.0,0.1,3,0.3,7,0.7,3,0.3,3,0.3,19-36:4 | 37-64:2 | Did not play / no score:1 | Top 18:3,sleeper_league_matchup_exact,cached_league_matchup_players_points,35.2,58.3,72.2,66.4,50.8,Tier C: useful but some volatility
7049,Jauan Jennings,WR,MIN,29,6,11,11,17,13,13,4,0.7647,116.8,8.985,10.618,9.4,1.7,19.9,5.527,30.552,0.5206,18.2,7.85,4.911,3.6,6.75,9.4,14.6,17.1,3,4,6,7,11,0.2308,0.3077,0.2308,0.3077,0.0,0.1538,4,0.3077,7,0.5385,6,0.4615,4,0.3077,19-36:3 | 37-64:4 | Did not play / no score:2 | Top 18:4,sleeper_league_matchup_exact,cached_league_matchup_players_points,46.8,50.0,45.0,53.2,50.1,Tier C: useful but some volatility
11624,Xavier Worthy,WR,KC,23,2,7,7,17,10,10,7,0.5882,68.4,6.84,9.771,10.3,5.5,17.1,3.641,13.256,0.3726,11.6,3.95,2.861,5.8,6.9,10.3,10.85,13.5,0,1,2,6,7,0.0,0.1,0.5,0.1,0.0,0.3,1,0.1,6,0.6,4,0.4,1,0.1,19-36:5 | 37-64:1 | Did not play / no score:3 | Top 18:1,sleeper_league_matchup_exact,cached_league_matchup_players_points,72.1,51.2,26.2,26.5,49.9,Tier D: boom/bust profile
12474,Woody Marks,RB,HOU,25,1,14,14,17,15,15,2,0.8824,135.8,9.053,9.7,7.8,0.3,27.9,7.046,49.646,0.7264,27.6,9.475,5.686,2.49,4.975,7.8,14.45,15.95,3,6,6,10,14,0.2,0.4,0.2667,0.2667,0.0,0.0667,6,0.4,10,0.6667,5,0.3333,6,0.4,19-36:4 | 37-64:4 | Did not play / no score:1 | Top 18:6,sleeper_league_matchup_exact,cached_league_matchup_players_points,35.8,44.4,47.2,65.3,49.9,Tier D: boom/bust profile
12485,Tez Johnson,WR,TB,24,1,3,3,17,4,4,13,0.2353,31.1,7.775,10.367,9.3,1.6,20.2,7.631,58.229,0.7361,18.6,9.3,6.556,3.14,5.45,9.3,14.75,18.02,1,1,1,3,3,0.25,0.25,0.5,0.0,0.0,0.25,1,0.25,3,0.75,1,0.25,1,0.25,19-36:2 | Did not play / no score:1 | Top 18:1,sleeper_league_matchup_exact,cached_league_matchup_players_points,34.9,37.5,55.0,68.2,49.7,Tier D: boom/bust profile
9508,Tyjae Spears,RB,TEN,25,3,6,6,17,11,11,6,0.6471,52.2,4.745,8.7,8.7,1.4,17.2,4.634,21.477,0.5327,15.8,1.8,3.1,4.2,7.35,8.7,9.15,13.2,1,2,4,5,6,0.0909,0.1818,0.2727,0.0909,0.0,0.4545,2,0.1818,5,0.4545,6,0.5455,2,0.1818,19-36:3 | 37-64:1 | Did not play / no score:5 | Top 18:2,sleeper_league_matchup_exact,cached_league_matchup_players_points,47.7,66.7,33.3,51.1,49.2,Tier D: boom/bust profile
8121,Romeo Doubs,WR,NE,26,4,11,11,17,12,12,5,0.7059,119.2,9.933,10.836,9.4,1.5,29.8,7.215,52.051,0.6658,28.3,5.85,5.01,4.3,6.65,9.4,12.5,16.1,1,2,5,8,11,0.0833,0.1667,0.5,0.25,0.0,0.0833,2,0.1667,8,0.6667,4,0.3333,2,0.1667,19-36:6 | 37-64:3 | Did not play / no score:1 | Top 18:2,sleeper_league_matchup_exact,cached_league_matchup_players_points,35.7,48.8,41.2,66.8,48.7,Tier D: boom/bust profile
4983,DJ Moore,WR,BUF,29,8,8,8,17,10,10,7,0.5882,89.78,8.978,11.223,9.1,7.8,22.98,4.748,22.546,0.4231,15.18,3.7,3.428,8.08,8.2,9.1,11.9,15.854,1,1,2,5,8,0.1,0.1,0.4,0.3,0.0,0.2,1,0.1,5,0.5,5,0.5,1,0.1,19-36:4 | 37-64:3 | Did not play / no score:2 | Top 18:1,sleeper_league_matchup_exact,cached_league_matchup_players_points,55.6,71.2,38.8,42.5,47.8,Tier D: boom/bust profile
6804,Jordan Love,QB,GB,27,6,12,12,17,13,13,4,0.7647,195.66,15.051,16.305,15.94,7.06,28.3,6.486,42.073,0.3978,21.24,8.82,5.309,8.058,11.595,15.94,20.415,25.74,7,11,12,12,12,0.5385,0.8462,0.0769,0.0,0.0,0.0769,7,0.5385,12,0.9231,1,0.0769,7,0.5385,13-24:5 | Did not play / no score:1 | Top 12:7,sleeper_league_matchup_exact,cached_league_matchup_players_points,53.8,30.0,56.7,47.3,47.5,Tier D: boom/bust profile
4199,Aaron Jones,RB,MIN,31,9,7,7,17,12,12,5,0.7059,63.2,5.267,9.029,8.7,2.3,15.9,5.045,25.448,0.5587,13.6,8.65,4.461,3.62,4.75,8.7,13.4,15.78,2,3,4,6,7,0.1667,0.25,0.25,0.0833,0.0,0.4167,3,0.25,6,0.5,6,0.5,3,0.25,19-36:3 | 37-64:1 | Did not play / no score:5 | Top 18:3,sleeper_league_matchup_exact,cached_league_matchup_players_points,45.9,43.1,45.8,53.3,47.2,Tier D: boom/bust profile
11589,Trey Benson,RB,ARI,24,2,4,4,17,11,11,6,0.6471,35.4,3.218,8.85,8.45,8.1,10.4,0.907,0.823,0.1025,2.3,0.65,0.775,8.19,8.325,8.45,8.975,9.83,0,0,0,4,4,0.0,0.0,0.3636,0.0,0.0,0.6364,0,0.0,4,0.3636,7,0.6364,0,0.0,19-36:4 | Did not play / no score:7,sleeper_league_matchup_exact,cached_league_matchup_players_points,66.1,73.6,23.6,30.3,47.0,Tier D: boom/bust profile
11562,Spencer Rattler,QB,NO,25,2,3,3,17,3,3,14,0.1765,45.86,15.287,15.287,12.72,11.46,21.68,4.55,20.702,0.2976,10.22,5.11,4.262,11.712,12.09,12.72,17.2,19.888,1,2,3,3,3,0.3333,0.6667,0.3333,0.0,0.0,0.0,1,0.3333,3,1.0,0,0.0,1,0.3333,13-24:2 | Top 12:1,sleeper_league_matchup_exact,cached_league_matchup_players_points,84.8,33.3,10.0,15.3,46.7,Tier D: boom/bust profile
12493,Oronde Gadsden,TE,LAC,23,1,7,7,17,8,8,9,0.4706,77.6,9.7,11.086,6.1,3.6,29.4,9.066,82.198,0.8178,25.8,11.25,7.612,3.66,4.0,6.1,15.25,22.98,6,6,7,7,7,0.75,0.75,0.125,0.0,0.0,0.125,6,0.75,7,0.875,1,0.125,6,0.75,13-24:1 | Did not play / no score:1 | Top 12:6,sleeper_league_matchup_exact,cached_league_matchup_players_points,28.9,17.1,91.4,73.7,46.7,Tier D: boom/bust profile
8408,Jordan Mason,RB,MIN,27,4,9,9,17,10,10,7,0.5882,82.8,8.28,9.2,8.5,1.6,23.6,6.167,38.027,0.6703,22.0,7.0,4.733,3.6,4.7,8.5,11.7,14.8,1,1,3,7,9,0.1,0.1,0.6,0.2,0.0,0.1,1,0.1,7,0.7,3,0.3,1,0.1,19-36:6 | 37-64:2 | Did not play / no score:1 | Top 18:1,sleeper_league_matchup_exact,cached_league_matchup_players_points,42.1,41.7,43.1,58.9,46.0,Tier D: boom/bust profile
4943,Sam Darnold,QB,SEA,29,8,7,7,17,7,7,10,0.4118,114.26,16.323,16.323,16.72,5.4,28.64,6.885,47.41,0.4218,23.24,6.05,5.105,7.932,12.85,16.72,18.9,23.456,3,6,6,7,7,0.4286,0.8571,0.1429,0.0,0.0,0.0,3,0.4286,6,0.8571,1,0.1429,3,0.4286,13-24:3 | 25-36:1 | Top 12:3,sleeper_league_matchup_exact,cached_league_matchup_players_points,40.8,43.3,33.3,60.0,45.7,Tier D: boom/bust profile
5844,T.J. Hockenson,TE,MIN,29,7,9,9,17,9,9,8,0.5294,67.1,7.456,7.456,7.9,2.2,15.9,4.136,17.109,0.5548,13.7,5.3,3.494,2.68,4.5,7.9,9.8,11.42,3,7,8,9,9,0.3333,0.7778,0.2222,0.0,0.0,0.0,3,0.3333,8,0.8889,1,0.1111,3,0.3333,13-24:5 | 25-36:1 | Top 12:3,sleeper_league_matchup_exact,cached_league_matchup_players_points,48.1,25.7,28.6,53.7,45.3,Tier D: boom/bust profile
5012,Mark Andrews,TE,BAL,30,8,9,9,17,9,9,8,0.5294,86.5,9.611,9.611,8.7,1.4,27.1,7.658,58.652,0.7968,25.7,6.2,5.701,1.48,4.2,8.7,10.4,18.7,5,6,7,9,9,0.5556,0.6667,0.3333,0.0,0.0,0.0,5,0.5556,7,0.7778,2,0.2222,5,0.5556,13-24:2 | 25-36:2 | Top 12:5,sleeper_league_matchup_exact,cached_league_matchup_players_points,21.7,20.0,71.4,79.4,45.1,Tier D: boom/bust profile
7591,Justin Fields,QB,KC,27,5,5,5,17,6,6,11,0.3529,91.46,15.243,18.292,25.92,3.98,29.52,11.373,129.344,0.6217,25.54,22.24,11.082,4.348,4.9,25.92,27.14,28.568,3,4,4,5,5,0.5,0.6667,0.1667,0.0,0.0,0.1667,3,0.5,4,0.6667,2,0.3333,3,0.5,13-24:1 | 25-36:1 | Did not play / no score:1 | Top 12:3,sleeper_league_matchup_exact,cached_league_matchup_players_points,11.2,3.3,83.3,89.3,44.8,Tier D: boom/bust profile
11655,Tyrone Tracy,RB,NYG,26,2,10,10,17,12,12,5,0.7059,87.4,7.283,8.74,7.7,0.6,17.9,4.832,23.346,0.5528,17.3,4.35,3.728,5.01,5.875,7.7,10.225,16.19,2,2,3,7,10,0.1667,0.1667,0.4167,0.25,0.0,0.1667,2,0.1667,7,0.5833,5,0.4167,2,0.1667,19-36:5 | 37-64:3 | Did not play / no score:2 | Top 18:2,sleeper_league_matchup_exact,cached_league_matchup_players_points,49.8,48.6,48.6,49.7,44.3,Tier D: boom/bust profile
9500,Josh Downs,WR,IND,25,3,9,9,17,10,10,7,0.5882,83.6,8.36,9.289,11.1,1.3,16.2,5.099,26.001,0.5489,14.9,7.5,4.635,2.82,5.4,11.1,12.9,15.8,0,2,3,5,8,0.0,0.2,0.3,0.3,0.1,0.1,2,0.2,5,0.5,5,0.5,2,0.2,19-36:3 | 37-64:3 | Did not play / no score:1 | Outside 64:1 | Top 18:2,sleeper_league_matchup_exact,cached_league_matchup_players_points,37.8,36.2,35.0,62.0,44.2,Tier D: boom/bust profile
5927,Terry McLaurin,WR,WAS,30,7,5,5,17,10,10,7,0.5882,46.4,4.64,9.28,9.8,4.7,14.4,3.27,10.694,0.3524,9.7,3.3,2.704,5.66,7.1,9.8,10.4,12.8,0,2,2,3,5,0.0,0.2,0.1,0.2,0.0,0.5,2,0.2,3,0.3,7,0.7,2,0.2,19-36:1 | 37-64:2 | Did not play / no score:5 | Top 18:2,sleeper_league_matchup_exact,cached_league_matchup_players_points,57.1,57.5,17.5,39.5,44.0,Tier D: boom/bust profile
10232,Michael Wilson,WR,ARI,26,3,9,9,17,9,9,8,0.5294,110.8,12.311,12.311,8.1,1.5,37.2,10.914,119.125,0.8866,35.7,11.9,8.746,1.5,4.5,8.1,16.4,24.88,4,4,5,5,7,0.4444,0.4444,0.1111,0.2222,0.2222,0.0,4,0.4444,5,0.5556,4,0.4444,4,0.4444,19-36:1 | 37-64:2 | Outside 64:2 | Top 18:4,sleeper_league_matchup_exact,cached_league_matchup_players_points,24.7,23.8,85.0,77.5,43.6,Tier D: boom/bust profile
11199,Emari Demercado,RB,KC,27,3,5,5,17,5,5,12,0.2941,33.7,6.74,6.74,6.1,0.1,13.4,4.64,21.53,0.6884,13.3,6.1,4.008,1.66,4.0,6.1,10.1,12.08,0,1,1,4,5,0.0,0.2,0.6,0.2,0.0,0.0,1,0.2,4,0.8,1,0.2,1,0.2,19-36:3 | 37-64:1 | Top 18:1,sleeper_league_matchup_exact,cached_league_matchup_players_points,44.9,33.3,29.2,56.7,43.5,Tier D: boom/bust profile
11638,Ricky Pearsall,WR,SF,25,2,5,5,17,11,11,6,0.6471,53.3,4.845,10.66,9.2,1.0,19.7,6.302,39.71,0.5911,18.7,6.2,5.272,4.04,8.6,9.2,14.8,17.74,1,1,2,4,5,0.0909,0.0909,0.2727,0.0909,0.0,0.5455,1,0.0909,4,0.3636,7,0.6364,1,0.0909,19-36:3 | 37-64:1 | Did not play / no score:6 | Top 18:1,sleeper_league_matchup_exact,cached_league_matchup_players_points,29.0,76.2,50.0,70.8,42.1,Tier D: boom/bust profile
4881,Lamar Jackson,QB,BAL,29,8,11,11,17,15,15,2,0.8824,195.7,13.047,17.791,16.64,6.72,29.36,8.273,68.442,0.465,22.64,16.32,7.517,7.22,9.61,16.64,25.93,27.02,10,10,11,11,11,0.6667,0.6667,0.0667,0.0,0.0,0.2667,10,0.6667,11,0.7333,4,0.2667,10,0.6667,13-24:1 | Did not play / no score:4 | Top 12:10,sleeper_league_matchup_exact,cached_league_matchup_players_points,24.5,23.3,63.3,76.0,41.8,Tier D: boom/bust profile
4988,Nick Chubb,RB,,30,8,6,6,17,7,7,10,0.4118,50.6,7.229,8.433,7.6,2.1,15.2,4.23,17.896,0.5016,13.1,4.875,3.478,4.05,6.25,7.6,11.125,13.65,0,1,2,3,6,0.0,0.1429,0.2857,0.4286,0.0,0.1429,1,0.1429,3,0.4286,4,0.5714,1,0.1429,19-36:2 | 37-64:3 | Did not play / no score:1 | Top 18:1,sleeper_league_matchup_exact,cached_league_matchup_players_points,50.4,55.6,34.7,47.8,41.7,Tier D: boom/bust profile
9480,Brenton Strange,TE,JAX,25,3,5,5,17,7,7,10,0.4118,40.4,5.771,8.08,9.9,3.2,12.1,3.48,12.114,0.4307,8.9,5.8,3.304,3.8,4.7,9.9,10.5,11.46,2,3,5,5,5,0.2857,0.4286,0.2857,0.0,0.0,0.2857,2,0.2857,5,0.7143,2,0.2857,2,0.2857,13-24:3 | Did not play / no score:2 | Top 12:2,sleeper_league_matchup_exact,cached_league_matchup_players_points,49.3,31.4,31.4,48.6,41.1,Tier D: boom/bust profile
8205,Isiah Pacheco,RB,DET,27,4,8,8,17,9,9,8,0.5294,60.2,6.689,7.525,5.95,3.9,12.8,3.188,10.162,0.4236,8.9,4.0,2.806,4.53,5.55,5.95,9.55,12.52,0,1,2,5,8,0.0,0.1111,0.4444,0.3333,0.0,0.1111,1,0.1111,5,0.5556,4,0.4444,1,0.1111,19-36:4 | 37-64:3 | Did not play / no score:1 | Top 18:1,sleeper_league_matchup_exact,cached_league_matchup_players_points,62.3,47.2,31.9,35.8,41.1,Tier D: boom/bust profile
6768,Tua Tagovailoa,QB,ATL,28,6,5,5,17,5,5,12,0.2941,79.12,15.824,15.824,15.68,7.26,22.74,5.28,27.878,0.3337,15.48,5.76,4.277,9.892,13.84,15.68,19.6,21.484,1,4,4,5,5,0.2,0.8,0.2,0.0,0.0,0.0,1,0.2,4,0.8,1,0.2,1,0.2,13-24:3 | 25-36:1 | Top 12:1,sleeper_league_matchup_exact,cached_league_matchup_players_points,58.7,60.0,20.0,39.3,39.8,Tier D: boom/bust profile
11631,Brian Thomas,WR,JAX,23,2,9,9,17,13,13,4,0.7647,90.4,6.954,10.044,8.9,4.8,23.0,5.014,25.145,0.4992,18.2,3.1,3.437,5.84,7.5,8.9,10.6,14.2,1,1,1,5,9,0.0769,0.0769,0.3077,0.3077,0.0,0.3077,1,0.0769,5,0.3846,8,0.6154,1,0.0769,19-36:4 | 37-64:4 | Did not play / no score:4 | Top 18:1,sleeper_league_matchup_exact,cached_league_matchup_players_points,44.3,62.5,27.5,54.5,39.8,Tier D: boom/bust profile
4066,Evan Engram,TE,DEN,31,9,7,7,17,8,8,9,0.4706,54.2,6.775,7.743,7.6,2.2,13.3,3.297,10.871,0.4258,11.1,3.55,2.62,3.94,6.0,7.6,9.55,11.26,2,5,6,7,7,0.25,0.625,0.25,0.0,0.0,0.125,2,0.25,6,0.75,2,0.25,2,0.25,13-24:4 | 25-36:1 | Did not play / no score:1 | Top 12:2,sleeper_league_matchup_exact,cached_league_matchup_players_points,52.1,57.1,25.7,45.7,39.4,Tier D: boom/bust profile
4454,Kendrick Bourne,WR,ARI,31,9,5,5,17,5,5,12,0.2941,60.0,12.0,12.0,7.8,3.4,24.2,8.196,67.168,0.683,20.8,13.8,7.76,4.2,5.4,7.8,19.2,22.2,2,2,2,2,5,0.4,0.4,0.0,0.6,0.0,0.0,2,0.4,2,0.4,3,0.6,2,0.4,37-64:3 | Top 18:2,sleeper_league_matchup_exact,cached_league_matchup_players_points,20.8,36.2,75.0,80.2,39.1,Tier D: boom/bust profile
9504,Kayshon Boutte,WR,NE,24,3,7,7,17,8,8,9,0.4706,79.8,9.975,11.4,8.6,2.8,26.3,7.508,56.371,0.6586,23.5,8.95,6.314,4.0,6.05,8.6,15.0,20.42,2,2,3,3,6,0.25,0.25,0.125,0.375,0.125,0.125,2,0.25,3,0.375,5,0.625,2,0.25,19-36:1 | 37-64:3 | Did not play / no score:1 | Outside 64:1 | Top 18:2,sleeper_league_matchup_exact,cached_league_matchup_players_points,21.9,42.5,66.2,78.8,38.7,Tier D: boom/bust profile
12534,Kyle Monangai,RB,CHI,24,1,8,8,17,8,8,9,0.4706,69.0,8.625,8.625,5.9,1.8,22.8,7.431,55.227,0.8616,21.0,10.05,6.3,2.01,2.325,5.9,12.375,19.02,2,3,3,4,8,0.25,0.375,0.125,0.5,0.0,0.0,3,0.375,4,0.5,4,0.5,3,0.375,19-36:1 | 37-64:4 | Top 18:3,sleeper_league_matchup_exact,cached_league_matchup_players_points,24.5,27.8,63.9,76.7,38.7,Tier D: boom/bust profile
11632,Malik Nabers,WR,NYG,23,2,4,4,17,4,4,13,0.2353,57.1,14.275,14.275,8.05,3.3,37.7,13.96,194.872,0.9779,34.4,14.675,11.713,3.51,3.825,8.05,18.5,30.02,1,1,1,2,4,0.25,0.25,0.25,0.5,0.0,0.0,1,0.25,2,0.5,2,0.5,1,0.25,19-36:1 | 37-64:2 | Top 18:1,sleeper_league_matchup_exact,cached_league_matchup_players_points,16.4,16.2,93.8,85.2,38.4,Tier D: boom/bust profile
12533,Jacory Croskey-Merritt,RB,WAS,25,1,9,9,17,9,9,8,0.5294,78.3,8.7,8.7,5.8,1.7,27.0,7.432,55.24,0.8543,25.3,5.9,5.6,2.34,4.2,5.8,10.1,16.76,1,2,2,5,9,0.1111,0.2222,0.3333,0.4444,0.0,0.0,2,0.2222,5,0.5556,4,0.4444,2,0.2222,19-36:3 | 37-64:4 | Top 18:2,sleeper_league_matchup_exact,cached_league_matchup_players_points,27.2,34.7,51.4,74.2,37.7,Tier D: boom/bust profile
7587,Dyami Brown,WR,WAS,26,5,3,3,17,3,3,14,0.1765,29.1,9.7,9.7,8.8,2.7,17.6,6.116,37.407,0.6305,14.9,7.45,5.267,3.92,5.75,8.8,13.2,15.84,0,1,1,1,2,0.0,0.3333,0.0,0.3333,0.3333,0.0,1,0.3333,1,0.3333,2,0.6667,1,0.3333,37-64:1 | Outside 64:1 | Top 18:1,sleeper_league_matchup_exact,cached_league_matchup_players_points,21.3,40.0,37.5,78.8,37.6,Tier D: boom/bust profile
7611,Rhamondre Stevenson,RB,NE,28,5,9,9,17,11,11,6,0.6471,76.8,6.982,8.533,5.1,1.8,21.2,6.698,44.858,0.7849,19.4,10.1,6.022,1.96,4.6,5.1,14.7,17.68,1,3,3,5,9,0.0909,0.2727,0.1818,0.3636,0.0,0.1818,3,0.2727,5,0.4545,6,0.5455,3,0.2727,19-36:2 | 37-64:4 | Did not play / no score:2 | Top 18:3,sleeper_league_matchup_exact,cached_league_matchup_players_points,27.8,40.3,54.2,72.8,37.5,Tier D: boom/bust profile
8210,Chig Okonkwo,TE,WAS,26,4,5,5,17,5,5,12,0.2941,34.2,6.84,6.84,7.5,1.4,11.6,3.473,12.058,0.5077,10.2,3.9,2.952,2.8,4.9,7.5,8.8,10.48,1,3,4,5,5,0.2,0.6,0.4,0.0,0.0,0.0,1,0.2,4,0.8,1,0.2,1,0.2,13-24:3 | 25-36:1 | Top 12:1,sleeper_league_matchup_exact,cached_league_matchup_players_points,44.4,40.0,17.1,55.4,36.1,Tier D: boom/bust profile
10213,Tre Tucker,WR,LV,25,3,8,8,17,9,9,8,0.5294,67.5,7.5,8.438,7.55,4.2,14.7,3.55,12.6,0.4207,10.5,5.975,3.122,4.69,5.35,7.55,11.325,12.81,1,1,2,5,8,0.1111,0.1111,0.4444,0.3333,0.0,0.1111,1,0.1111,5,0.5556,4,0.4444,1,0.1111,19-36:4 | 37-64:3 | Did not play / no score:1 | Top 18:1,sleeper_league_matchup_exact,cached_league_matchup_players_points,62.5,33.8,18.8,36.2,35.5,Tier D: boom/bust profile
11627,Troy Franklin,WR,DEN,23,2,9,9,17,10,10,7,0.5882,72.1,7.21,8.011,8.4,2.8,15.0,3.907,15.263,0.4877,12.2,5.4,3.119,3.04,4.1,8.4,9.5,12.92,0,2,2,5,8,0.0,0.2,0.3,0.3,0.1,0.1,2,0.2,5,0.5,5,0.5,2,0.2,19-36:3 | 37-64:3 | Did not play / no score:1 | Outside 64:1 | Top 18:2,sleeper_league_matchup_exact,cached_league_matchup_players_points,47.4,21.2,20.0,51.5,35.2,Tier D: boom/bust profile
11597,Theo Johnson,TE,NYG,25,2,5,5,17,5,5,12,0.2941,43.2,8.64,8.64,5.0,1.5,21.3,6.99,48.854,0.809,19.8,6.0,5.888,2.78,4.7,5.0,10.7,17.06,2,3,4,5,5,0.4,0.6,0.4,0.0,0.0,0.0,2,0.4,4,0.8,1,0.2,2,0.4,13-24:2 | 25-36:1 | Top 12:2,sleeper_league_matchup_exact,cached_league_matchup_players_points,24.0,31.4,57.1,77.7,34.9,Tier E: dangerous survival profile
6151,Miles Sanders,RB,,28,7,4,4,17,6,6,11,0.3529,26.7,4.45,6.675,6.4,4.0,9.9,2.496,6.232,0.374,5.9,4.325,2.425,4.15,4.375,6.4,8.7,9.42,0,0,0,2,4,0.0,0.0,0.3333,0.3333,0.0,0.3333,0,0.0,2,0.3333,4,0.6667,0,0.0,19-36:2 | 37-64:2 | Did not play / no score:2,sleeper_league_matchup_exact,cached_league_matchup_players_points,58.3,37.5,20.8,38.3,34.4,Tier E: dangerous survival profile
9758,C.J. Stroud,QB,HOU,24,3,6,6,17,7,7,10,0.4118,98.9,14.129,16.483,14.82,9.72,28.76,6.094,37.133,0.3697,19.04,4.625,4.738,11.04,12.935,14.82,17.56,23.59,2,3,5,6,6,0.2857,0.4286,0.4286,0.0,0.0,0.1429,2,0.2857,5,0.7143,2,0.2857,2,0.2857,13-24:3 | 25-36:1 | Did not play / no score:1 | Top 12:2,sleeper_league_matchup_exact,cached_league_matchup_players_points,41.3,46.7,36.7,57.3,34.3,Tier E: dangerous survival profile
5849,Kyler Murray,QB,MIN,29,7,5,5,17,9,9,8,0.5294,80.78,8.976,16.156,15.3,14.06,18.32,1.728,2.985,0.1069,4.26,3.1,1.643,14.436,15.0,15.3,18.1,18.232,1,4,5,5,5,0.1111,0.4444,0.1111,0.0,0.0,0.4444,1,0.1111,5,0.5556,4,0.4444,1,0.1111,13-24:4 | Did not play / no score:4 | Top 12:1,sleeper_league_matchup_exact,cached_league_matchup_players_points,56.2,70.0,6.7,39.3,34.2,Tier E: dangerous survival profile
12517,Colston Loveland,TE,CHI,22,1,3,3,17,4,4,13,0.2353,19.7,4.925,6.567,7.0,3.2,9.5,2.59,6.709,0.3944,6.3,3.15,2.244,3.96,5.1,7.0,8.25,9.0,2,2,2,3,3,0.5,0.5,0.25,0.0,0.0,0.25,2,0.5,2,0.5,2,0.5,2,0.5,25-36:1 | Did not play / no score:1 | Top 12:2,sleeper_league_matchup_exact,cached_league_matchup_players_points,48.4,45.7,14.3,47.4,33.0,Tier E: dangerous survival profile
11435,Emanuel Wilson,RB,SEA,27,3,6,6,17,6,6,11,0.3529,45.2,7.533,7.533,2.6,0.4,26.5,9.258,85.716,1.229,26.1,7.775,7.711,0.9,1.675,2.6,9.45,19.1,1,2,2,4,6,0.1667,0.3333,0.3333,0.3333,0.0,0.0,2,0.3333,4,0.6667,2,0.3333,2,0.3333,19-36:2 | 37-64:2 | Top 18:2,sleeper_league_matchup_exact,cached_league_matchup_players_points,22.8,18.1,66.7,79.4,32.4,Tier E: dangerous survival profile
6149,Darius Slayton,WR,NYG,29,7,6,6,17,8,8,9,0.4706,50.7,6.338,8.45,7.75,4.1,12.9,2.876,8.269,0.3403,8.8,3.325,2.4,5.55,7.1,7.75,10.425,12.05,0,0,1,2,6,0.0,0.0,0.25,0.5,0.0,0.25,0,0.0,2,0.25,6,0.75,0,0.0,19-36:2 | 37-64:4 | Did not play / no score:2,sleeper_league_matchup_exact,cached_league_matchup_players_points,54.6,57.5,16.2,41.5,32.0,Tier E: dangerous survival profile
8125,Calvin Austin,WR,NYG,27,4,4,4,17,4,4,13,0.2353,35.9,8.975,8.975,7.85,3.2,17.0,5.952,35.422,0.6631,13.8,10.275,5.725,3.23,3.275,7.85,13.55,15.62,0,1,1,2,2,0.0,0.25,0.25,0.0,0.5,0.0,1,0.25,2,0.5,2,0.5,1,0.25,19-36:1 | Outside 64:2 | Top 18:1,sleeper_league_matchup_exact,cached_league_matchup_players_points,24.0,8.8,33.8,77.0,31.2,Tier E: dangerous survival profile
4144,Jonnu Smith,TE,,30,9,8,8,17,9,9,8,0.5294,53.9,5.989,6.737,5.65,2.6,12.5,3.348,11.207,0.4969,9.9,3.075,2.706,3.37,4.9,5.65,7.975,12.01,2,5,7,8,8,0.2222,0.5556,0.3333,0.0,0.0,0.1111,2,0.2222,7,0.7778,2,0.2222,2,0.2222,13-24:5 | 25-36:1 | Did not play / no score:1 | Top 12:2,sleeper_league_matchup_exact,cached_league_matchup_players_points,43.7,40.0,37.1,55.4,30.9,Tier E: dangerous survival profile
4039,Cooper Kupp,WR,SEA,33,9,8,8,17,10,10,7,0.5882,67.7,6.77,8.463,8.0,3.2,16.0,4.317,18.64,0.5102,12.8,7.225,3.863,3.41,4.7,8.0,11.925,13.2,0,0,2,4,8,0.0,0.0,0.4,0.4,0.0,0.2,0,0.0,4,0.4,6,0.6,0,0.0,19-36:4 | 37-64:4 | Did not play / no score:2,sleeper_league_matchup_exact,cached_league_matchup_players_points,42.1,26.2,23.8,57.0,29.8,Tier E: dangerous survival profile
7523,Trevor Lawrence,QB,JAX,26,5,5,5,17,5,5,12,0.2941,80.24,16.048,16.048,11.66,8.78,27.24,7.024,49.33,0.4377,18.46,9.92,6.554,9.796,11.32,11.66,21.24,24.84,2,2,4,5,5,0.4,0.4,0.6,0.0,0.0,0.0,2,0.4,4,0.8,1,0.2,2,0.4,13-24:2 | 25-36:1 | Top 12:2,sleeper_league_matchup_exact,cached_league_matchup_players_points,33.0,26.7,46.7,67.3,29.7,Tier E: dangerous survival profile
12499,Elic Ayomanor,WR,TEN,23,1,8,8,17,8,8,9,0.4706,65.4,8.175,8.175,7.0,3.3,15.6,4.188,17.542,0.5123,12.3,5.125,3.519,3.65,5.225,7.0,10.35,14.34,0,0,2,4,8,0.0,0.0,0.5,0.5,0.0,0.0,0,0.0,4,0.5,4,0.5,0,0.0,19-36:4 | 37-64:4,sleeper_league_matchup_exact,cached_league_matchup_players_points,42.6,28.7,28.7,56.7,29.6,Tier E: dangerous survival profile
8132,Tyler Allgeier,RB,ARI,26,4,8,8,17,9,9,8,0.5294,52.3,5.811,6.537,5.9,0.6,15.0,5.267,27.742,0.8057,14.4,9.325,5.037,1.16,1.55,5.9,10.875,12.27,0,1,3,4,8,0.0,0.1111,0.3333,0.4444,0.0,0.1111,1,0.1111,4,0.4444,5,0.5556,1,0.1111,19-36:3 | 37-64:4 | Did not play / no score:1 | Top 18:1,sleeper_league_matchup_exact,cached_league_matchup_players_points,25.7,16.7,30.6,75.0,28.8,Tier E: dangerous survival profile
4219,Jeremy McNichols,RB,WAS,30,9,3,3,17,3,3,14,0.1765,17.9,5.967,5.967,2.8,1.3,13.8,5.573,31.056,0.934,12.5,6.25,5.222,1.6,2.05,2.8,8.3,11.6,0,1,1,1,3,0.0,0.3333,0.0,0.6667,0.0,0.0,1,0.3333,1,0.3333,2,0.6667,1,0.3333,37-64:2 | Top 18:1,sleeper_league_matchup_exact,cached_league_matchup_players_points,13.2,20.8,27.8,87.5,26.7,Tier E: dangerous survival profile
11586,Blake Corum,RB,LAR,25,2,6,6,17,6,6,11,0.3529,27.2,4.533,4.533,3.95,1.3,10.4,3.021,9.129,0.6665,9.1,2.925,2.467,1.8,2.375,3.95,5.3,7.85,0,0,0,2,6,0.0,0.0,0.3333,0.6667,0.0,0.0,0,0.0,2,0.3333,4,0.6667,0,0.0,19-36:2 | 37-64:4,sleeper_league_matchup_exact,cached_league_matchup_players_points,28.5,30.6,16.7,70.8,26.2,Tier E: dangerous survival profile
12490,Bhayshul Tuten,RB,JAX,23,1,7,7,17,7,7,10,0.4118,36.9,5.271,5.271,3.2,1.1,15.4,4.66,21.713,0.884,14.3,4.3,3.702,1.7,2.15,3.2,6.45,11.02,0,1,1,3,7,0.0,0.1429,0.2857,0.5714,0.0,0.0,1,0.1429,3,0.4286,4,0.5714,1,0.1429,19-36:2 | 37-64:4 | Top 18:1,sleeper_league_matchup_exact,cached_league_matchup_players_points,20.6,23.6,26.4,80.3,26.1,Tier E: dangerous survival profile
6770,Joe Burrow,QB,CIN,29,6,6,6,17,7,7,10,0.4118,88.36,12.623,14.727,14.03,7.04,25.36,7.209,51.97,0.4895,18.32,12.28,6.94,7.27,7.83,14.03,20.11,22.88,4,4,4,6,6,0.5714,0.5714,0.2857,0.0,0.0,0.1429,4,0.5714,4,0.5714,3,0.4286,4,0.5714,25-36:2 | Did not play / no score:1 | Top 12:4,sleeper_league_matchup_exact,cached_league_matchup_players_points,13.3,16.7,26.7,86.7,24.8,Tier E: dangerous survival profile
12530,Travis Hunter,WR,JAX,23,1,7,7,17,8,8,9,0.4706,63.8,7.975,9.114,7.2,3.1,24.1,6.469,41.844,0.7097,21.0,4.0,4.416,4.36,5.35,7.2,9.35,15.28,1,1,1,2,6,0.125,0.125,0.125,0.5,0.125,0.125,1,0.125,2,0.25,6,0.75,1,0.125,19-36:1 | 37-64:4 | Did not play / no score:1 | Outside 64:1 | Top 18:1,sleeper_league_matchup_exact,cached_league_matchup_players_points,9.9,33.8,32.5,90.2,24.8,Tier E: dangerous survival profile
9757,Kendre Miller,RB,NO,24,3,7,7,17,7,7,10,0.4118,33.3,4.757,4.757,4.2,0.7,12.5,3.623,13.128,0.7617,11.8,3.55,2.78,1.48,2.2,4.2,5.75,8.54,0,0,1,2,7,0.0,0.0,0.2857,0.7143,0.0,0.0,0,0.0,2,0.2857,5,0.7143,0,0.0,19-36:2 | 37-64:5,sleeper_league_matchup_exact,cached_league_matchup_players_points,20.6,25.0,19.4,78.9,23.5,Tier E: dangerous survival profile
10444,Cedric Tillman,WR,CLE,26,3,4,4,17,6,6,11,0.3529,33.6,5.6,8.4,7.9,1.6,16.2,5.435,29.54,0.647,14.6,7.1,4.8,2.8,4.6,7.9,11.7,14.4,0,1,1,1,3,0.0,0.1667,0.0,0.3333,0.1667,0.3333,1,0.1667,1,0.1667,5,0.8333,1,0.1667,37-64:2 | Did not play / no score:2 | Outside 64:1 | Top 18:1,sleeper_league_matchup_exact,cached_league_matchup_players_points,13.1,25.0,30.0,86.2,23.1,Tier E: dangerous survival profile
6826,Cole Kmet,TE,CHI,27,6,3,3,17,3,3,14,0.1765,17.0,5.667,5.667,4.9,4.1,8.0,1.682,2.829,0.2968,3.9,1.95,1.556,4.26,4.5,4.9,6.45,7.38,0,1,2,3,3,0.0,0.3333,0.6667,0.0,0.0,0.0,0,0.0,2,0.6667,1,0.3333,0,0.0,13-24:2 | 25-36:1,sleeper_league_matchup_exact,cached_league_matchup_players_points,59.6,25.7,11.4,36.6,22.3,Tier E: dangerous survival profile
1373,Geno Smith,QB,NYJ,35,13,6,6,17,6,6,11,0.3529,81.1,13.517,13.517,11.22,6.2,26.06,6.859,47.04,0.5074,19.86,8.7,5.836,7.06,8.355,11.22,17.055,22.27,1,3,5,6,6,0.1667,0.5,0.5,0.0,0.0,0.0,1,0.1667,5,0.8333,1,0.1667,1,0.1667,13-24:4 | 25-36:1 | Top 12:1,sleeper_league_matchup_exact,cached_league_matchup_players_points,25.0,20.0,23.3,76.7,22.2,Tier E: dangerous survival profile
11637,Keon Coleman,WR,BUF,23,2,9,9,17,11,11,6,0.6471,81.0,7.364,9.0,6.0,3.7,25.2,6.465,41.8,0.7184,21.5,5.3,4.911,4.02,5.0,6.0,10.3,15.92,1,1,2,3,9,0.0909,0.0909,0.1818,0.5455,0.0,0.1818,1,0.0909,3,0.2727,8,0.7273,1,0.0909,19-36:2 | 37-64:6 | Did not play / no score:2 | Top 18:1,sleeper_league_matchup_exact,cached_league_matchup_players_points,12.6,27.5,40.0,88.0,22.2,Tier E: dangerous survival profile
12484,Jayden Higgins,WR,HOU,23,1,3,3,17,3,3,14,0.1765,18.4,6.133,6.133,5.2,3.8,9.4,2.38,5.662,0.388,5.6,2.8,2.178,4.08,4.5,5.2,7.3,8.56,0,0,0,1,2,0.0,0.0,0.3333,0.3333,0.3333,0.0,0,0.0,1,0.3333,2,0.6667,0,0.0,19-36:1 | 37-64:1 | Outside 64:1,sleeper_league_matchup_exact,cached_league_matchup_players_points,54.2,23.8,7.5,42.8,21.8,Tier E: dangerous survival profile
6783,Jerry Jeudy,WR,CLE,27,6,7,7,17,8,8,9,0.4706,47.7,5.963,6.814,7.8,2.7,11.6,3.227,10.413,0.4735,8.9,5.6,3.012,3.18,3.6,7.8,9.2,10.22,0,0,0,2,6,0.0,0.0,0.25,0.5,0.125,0.125,0,0.0,2,0.25,6,0.75,0,0.0,19-36:2 | 37-64:4 | Did not play / no score:1 | Outside 64:1,sleeper_league_matchup_exact,cached_league_matchup_players_points,40.1,13.8,12.5,57.2,21.4,Tier E: dangerous survival profile
11600,Ja'Tavion Sanders,TE,CAR,23,2,3,3,17,3,3,14,0.1765,20.2,6.733,6.733,4.7,3.1,12.4,4.06,16.482,0.6029,9.3,4.65,3.778,3.42,3.9,4.7,8.55,10.86,1,1,2,3,3,0.3333,0.3333,0.6667,0.0,0.0,0.0,1,0.3333,2,0.6667,1,0.3333,1,0.3333,13-24:1 | 25-36:1 | Top 12:1,sleeper_league_matchup_exact,cached_league_matchup_players_points,23.4,14.3,22.9,76.0,20.9,Tier E: dangerous survival profile
6130,Devin Singletary,RB,NYG,28,7,4,4,17,4,4,13,0.2353,17.5,4.375,4.375,3.1,1.0,10.3,3.533,12.482,0.8075,9.3,2.775,2.963,1.54,2.35,3.1,5.125,8.23,0,0,0,1,4,0.0,0.0,0.25,0.75,0.0,0.0,0,0.0,1,0.25,3,0.75,0,0.0,19-36:1 | 37-64:3,sleeper_league_matchup_exact,cached_league_matchup_players_points,14.9,29.2,18.1,84.7,20.6,Tier E: dangerous survival profile
4950,Christian Kirk,WR,SF,29,8,3,3,17,6,6,11,0.3529,20.9,3.483,6.967,5.5,5.0,10.4,2.436,5.936,0.3497,5.4,2.7,2.289,5.1,5.25,5.5,7.95,9.42,0,0,0,1,3,0.0,0.0,0.1667,0.3333,0.0,0.5,0,0.0,1,0.1667,5,0.8333,0,0.0,19-36:1 | 37-64:2 | Did not play / no score:3,sleeper_league_matchup_exact,cached_league_matchup_players_points,51.6,30.0,8.8,44.2,20.4,Tier E: dangerous survival profile
9506,Sean Tucker,RB,TB,24,3,3,3,17,3,3,14,0.1765,11.6,3.867,3.867,2.9,0.2,8.5,3.457,11.949,0.894,8.3,4.15,3.089,0.74,1.55,2.9,5.7,7.38,0,0,1,1,2,0.0,0.0,0.3333,0.3333,0.3333,0.0,0,0.0,1,0.3333,2,0.6667,0,0.0,19-36:1 | 37-64:1 | Outside 64:1,sleeper_league_matchup_exact,cached_league_matchup_players_points,14.7,16.7,13.9,85.8,19.9,Tier E: dangerous survival profile
10219,Chris Rodriguez,RB,JAX,26,3,3,3,17,5,5,12,0.2941,10.5,2.1,3.5,3.9,0.7,5.9,2.142,4.587,0.6119,5.2,2.6,1.867,1.34,2.3,3.9,4.9,5.5,0,0,0,0,3,0.0,0.0,0.0,0.6,0.0,0.4,0,0.0,0,0.0,5,1.0,0,0.0,37-64:3 | Did not play / no score:2,sleeper_league_matchup_exact,cached_league_matchup_players_points,22.9,26.4,8.3,75.0,19.7,Tier E: dangerous survival profile
7528,Najee Harris,RB,,27,5,3,3,17,3,3,14,0.1765,11.6,3.867,3.867,2.8,2.0,6.8,2.1,4.409,0.543,4.8,2.4,1.956,2.16,2.4,2.8,4.8,6.0,0,0,0,0,3,0.0,0.0,0.0,1.0,0.0,0.0,0,0.0,0,0.0,3,1.0,0,0.0,37-64:3,sleeper_league_matchup_exact,cached_league_matchup_players_points,31.3,31.9,9.7,65.8,19.7,Tier E: dangerous survival profile
5995,Justice Hill,RB,BAL,28,7,6,6,17,7,7,10,0.4118,44.0,6.286,7.333,3.85,-0.1,28.7,9.937,98.736,1.355,28.8,6.3,7.178,0.05,0.7,3.85,7.0,18.1,1,1,1,2,5,0.1429,0.1429,0.1429,0.4286,0.1429,0.1429,1,0.1429,2,0.2857,5,0.7143,1,0.1429,19-36:1 | 37-64:3 | Did not play / no score:1 | Outside 64:1 | Top 18:1,sleeper_league_matchup_exact,cached_league_matchup_players_points,6.9,5.6,56.9,93.9,19.5,Tier E: dangerous survival profile
11610,Malik Washington,WR,MIA,25,2,4,4,17,4,4,13,0.2353,19.3,4.825,4.825,4.5,4.0,6.3,0.92,0.847,0.1907,2.3,1.175,0.775,4.03,4.075,4.5,5.25,5.88,0,0,0,1,4,0.0,0.0,0.25,0.75,0.0,0.0,0,0.0,1,0.25,3,0.75,0,0.0,19-36:1 | 37-64:3,sleeper_league_matchup_exact,cached_league_matchup_players_points,58.7,20.0,3.8,37.0,18.8,Tier E: dangerous survival profile
6945,Antonio Gibson,RB,,27,6,4,4,17,4,4,13,0.2353,19.6,4.9,4.9,4.75,0.3,9.8,4.371,19.105,0.892,9.5,8.3,4.35,0.45,0.675,4.75,8.975,9.47,0,0,0,1,4,0.0,0.0,0.25,0.75,0.0,0.0,0,0.0,1,0.25,3,0.75,0,0.0,19-36:1 | 37-64:3,sleeper_league_matchup_exact,cached_league_matchup_players_points,11.1,4.2,22.2,88.9,18.1,Tier E: dangerous survival profile
12469,Dylan Sampson,RB,CLE,21,1,5,5,17,5,5,12,0.2941,29.4,5.88,5.88,1.2,-0.2,17.3,7.025,49.35,1.1947,17.5,10.7,6.576,-0.04,0.2,1.2,10.9,14.74,1,1,1,2,5,0.2,0.2,0.2,0.6,0.0,0.0,1,0.2,2,0.4,3,0.6,1,0.2,19-36:1 | 37-64:3 | Top 18:1,sleeper_league_matchup_exact,cached_league_matchup_players_points,14.8,1.4,41.7,86.4,18.0,Tier E: dangerous survival profile
11576,Braelon Allen,RB,NYJ,22,2,4,4,17,4,4,13,0.2353,15.3,3.825,3.825,3.9,0.6,6.9,2.981,8.887,0.7794,6.3,5.775,2.975,0.75,0.975,3.9,6.75,6.84,0,0,0,1,4,0.0,0.0,0.25,0.75,0.0,0.0,0,0.0,1,0.25,3,0.75,0,0.0,19-36:1 | 37-64:3,sleeper_league_matchup_exact,cached_league_matchup_players_points,18.0,8.3,12.5,81.4,17.6,Tier E: dangerous survival profile
12501,Matthew Golden,WR,GB,23,1,8,8,17,9,9,8,0.5294,53.7,5.967,6.713,5.65,1.5,13.2,4.153,17.244,0.6186,11.7,7.125,3.862,2.48,3.275,5.65,10.4,11.87,0,0,1,3,7,0.0,0.0,0.3333,0.4444,0.1111,0.1111,0,0.0,3,0.3333,6,0.6667,0,0.0,19-36:3 | 37-64:4 | Did not play / no score:1 | Outside 64:1,sleeper_league_matchup_exact,cached_league_matchup_players_points,23.3,8.8,15.0,76.5,17.4,Tier E: dangerous survival profile
8154,Brian Robinson,RB,ATL,27,4,6,6,17,6,6,11,0.3529,16.9,2.817,2.817,2.55,1.2,4.7,1.157,1.338,0.4107,3.5,1.45,0.983,1.65,2.125,2.55,3.575,4.25,0,0,0,0,6,0.0,0.0,0.0,1.0,0.0,0.0,0,0.0,0,0.0,6,1.0,0,0.0,37-64:6,sleeper_league_matchup_exact,cached_league_matchup_players_points,45.8,22.2,6.9,50.0,17.2,Tier E: dangerous survival profile
9494,Marvin Mims,WR,DEN,24,3,8,8,17,9,9,8,0.5294,60.8,6.756,7.6,4.35,1.4,20.5,6.748,45.532,0.8879,19.1,9.65,5.975,1.68,2.1,4.35,11.75,17.21,1,2,2,3,6,0.1111,0.2222,0.1111,0.3333,0.2222,0.1111,2,0.2222,3,0.3333,6,0.6667,2,0.2222,19-36:1 | 37-64:3 | Did not play / no score:1 | Outside 64:2 | Top 18:2,sleeper_league_matchup_exact,cached_league_matchup_players_points,11.6,2.5,46.2,89.2,17.1,Tier E: dangerous survival profile
4981,Calvin Ridley,WR,TEN,31,8,6,6,17,7,7,10,0.4118,45.0,6.429,7.5,5.85,2.8,18.1,5.119,26.203,0.6825,15.3,4.175,3.933,3.25,4.025,5.85,8.2,13.4,0,1,1,1,6,0.0,0.1429,0.0,0.7143,0.0,0.1429,1,0.1429,1,0.1429,6,0.8571,1,0.1429,37-64:5 | Did not play / no score:1 | Top 18:1,sleeper_league_matchup_exact,cached_league_matchup_players_points,9.1,18.8,25.0,90.5,17.0,Tier E: dangerous survival profile
11626,Xavier Legette,WR,CAR,25,2,6,6,17,8,8,9,0.4706,46.9,5.862,7.817,3.85,0.8,24.2,7.981,63.698,1.021,23.4,6.075,6.556,1.95,3.25,3.85,9.325,17.65,1,1,1,3,5,0.125,0.125,0.25,0.25,0.125,0.25,1,0.125,3,0.375,5,0.625,1,0.125,19-36:2 | 37-64:2 | Did not play / no score:2 | Outside 64:1 | Top 18:1,sleeper_league_matchup_exact,cached_league_matchup_players_points,12.9,6.2,47.5,88.5,17.0,Tier E: dangerous survival profile
12457,Jaydon Blue,RB,DAL,22,1,3,3,17,9,9,8,0.5294,8.0,0.889,2.667,2.9,0.7,4.4,1.52,2.309,0.5698,3.7,1.85,1.311,1.14,1.8,2.9,3.65,4.1,0,0,0,1,3,0.0,0.0,0.1111,0.2222,0.0,0.6667,0,0.0,1,0.1111,8,0.8889,0,0.0,19-36:1 | 37-64:2 | Did not play / no score:6,sleeper_league_matchup_exact,cached_league_matchup_players_points,29.9,19.4,5.6,68.1,16.9,Tier E: dangerous survival profile
7670,Joshua Palmer,WR,BUF,26,5,4,4,17,4,4,13,0.2353,23.8,5.95,5.95,5.6,1.5,11.1,3.5,12.247,0.5882,9.6,4.05,2.95,2.4,3.75,5.6,7.8,9.78,0,0,0,1,3,0.0,0.0,0.25,0.5,0.25,0.0,0,0.0,1,0.25,3,0.75,0,0.0,19-36:1 | 37-64:2 | Outside 64:1,sleeper_league_matchup_exact,cached_league_matchup_players_points,23.6,15.0,10.0,75.2,16.3,Tier E: dangerous survival profile
3200,Sterling Shepard,WR,,33,10,4,4,17,4,4,13,0.2353,25.3,6.325,6.325,5.75,1.8,12.0,3.856,14.867,0.6096,10.2,5.175,3.425,2.46,3.45,5.75,8.625,10.65,0,0,0,1,4,0.0,0.0,0.25,0.75,0.0,0.0,0,0.0,1,0.25,3,0.75,0,0.0,19-36:1 | 37-64:3,sleeper_league_matchup_exact,cached_league_matchup_players_points,19.5,11.2,13.8,79.8,16.2,Tier E: dangerous survival profile
7600,Pat Freiermuth,TE,PIT,27,5,3,3,17,4,4,13,0.2353,13.5,3.375,4.5,5.8,1.6,6.1,2.054,4.22,0.4565,4.5,2.25,1.933,2.44,3.7,5.8,5.95,6.04,0,1,2,3,3,0.0,0.25,0.5,0.0,0.0,0.25,0,0.0,2,0.5,2,0.5,0,0.0,13-24:2 | 25-36:1 | Did not play / no score:1,sleeper_league_matchup_exact,cached_league_matchup_players_points,35.9,11.4,8.6,61.1,16.1,Tier E: dangerous survival profile
12541,Dont'e Thornton,WR,LV,23,1,3,3,17,4,4,13,0.2353,14.4,3.6,4.8,4.9,3.0,6.5,1.431,2.047,0.298,3.5,1.75,1.2,3.38,3.95,4.9,5.7,6.18,0,0,0,0,2,0.0,0.0,0.0,0.5,0.25,0.25,0,0.0,0,0.0,4,1.0,0,0.0,37-64:2 | Did not play / no score:1 | Outside 64:1,sleeper_league_matchup_exact,cached_league_matchup_players_points,50.9,17.5,5.0,44.5,14.9,Tier E: dangerous survival profile
12498,Mason Taylor,TE,NYJ,22,1,6,6,17,6,6,11,0.3529,43.9,7.317,7.317,4.55,1.2,17.7,6.447,41.558,0.8811,16.5,10.45,5.822,1.35,1.875,4.55,12.325,16.05,2,3,3,6,6,0.3333,0.5,0.5,0.0,0.0,0.0,2,0.3333,3,0.5,3,0.5,2,0.3333,13-24:1 | 25-36:3 | Top 12:2,sleeper_league_matchup_exact,cached_league_matchup_players_points,1.3,5.7,48.6,98.9,14.3,Tier E: dangerous survival profile
1426,DeAndre Hopkins,WR,,33,13,4,4,17,5,5,12,0.2941,24.4,4.88,6.1,5.3,2.3,11.5,3.473,12.065,0.5694,9.2,4.25,2.95,2.81,3.575,5.3,7.825,10.03,0,0,0,1,3,0.0,0.0,0.2,0.4,0.2,0.2,0,0.0,1,0.2,4,0.8,0,0.0,19-36:1 | 37-64:2 | Did not play / no score:1 | Outside 64:1,sleeper_league_matchup_exact,cached_league_matchup_players_points,23.9,12.5,11.2,74.8,13.8,Tier E: dangerous survival profile
7571,Rashod Bateman,WR,BAL,26,5,4,4,17,5,5,12,0.2941,27.2,5.44,6.8,3.45,3.0,17.3,6.065,36.785,0.8919,14.3,3.65,5.25,3.12,3.3,3.45,6.95,13.16,0,1,1,1,1,0.0,0.2,0.0,0.0,0.6,0.2,1,0.2,1,0.2,4,0.8,1,0.2,Did not play / no score:1 | Outside 64:3 | Top 18:1,sleeper_league_matchup_exact,cached_league_matchup_players_points,5.3,10.0,22.5,95.0,13.6,Tier E: dangerous survival profile
6039,Ty Johnson,RB,BUF,28,7,3,3,17,3,3,14,0.1765,6.1,2.033,2.033,2.4,0.6,3.1,1.053,1.109,0.5179,2.5,1.25,0.956,0.96,1.5,2.4,2.75,2.96,0,0,0,0,3,0.0,0.0,0.0,1.0,0.0,0.0,0,0.0,0,0.0,3,1.0,0,0.0,37-64:3,sleeper_league_matchup_exact,cached_league_matchup_players_points,33.6,13.9,2.8,63.3,13.5,Tier E: dangerous survival profile
12495,Ollie Gordon,RB,MIA,22,1,10,10,17,10,10,7,0.5882,32.9,3.29,3.29,1.6,-0.3,13.6,4.373,19.121,1.3291,13.9,1.25,3.364,-0.21,1.05,1.6,2.3,10.18,0,1,1,3,10,0.0,0.1,0.2,0.7,0.0,0.0,1,0.1,3,0.3,7,0.7,1,0.1,19-36:2 | 37-64:7 | Top 18:1,sleeper_league_matchup_exact,cached_league_matchup_players_points,9.5,9.7,25.0,91.4,13.5,Tier E: dangerous survival profile
12522,Cam Ward,QB,TEN,24,1,6,6,17,6,6,11,0.3529,47.64,7.94,7.94,8.44,2.48,12.96,3.303,10.909,0.416,10.48,3.49,2.647,4.0,6.11,8.44,9.6,11.38,0,2,4,6,6,0.0,0.3333,0.6667,0.0,0.0,0.0,0,0.0,4,0.6667,2,0.3333,0,0.0,13-24:4 | 25-36:2,sleeper_league_matchup_exact,cached_league_matchup_players_points,27.7,13.3,3.3,71.3,12.3,Tier E: dangerous survival profile
8143,Jerome Ford,RB,WAS,26,4,6,6,17,6,6,11,0.3529,22.1,3.683,3.683,2.25,0.9,10.4,3.304,10.918,0.8971,9.5,3.15,2.678,1.1,1.35,2.25,4.5,7.7,0,0,0,1,6,0.0,0.0,0.1667,0.8333,0.0,0.0,0,0.0,1,0.1667,5,0.8333,0,0.0,19-36:1 | 37-64:5,sleeper_league_matchup_exact,cached_league_matchup_players_points,8.3,12.5,15.3,91.7,12.2,Tier E: dangerous survival profile
12521,Elijah Arroyo,TE,SEA,23,1,4,4,17,5,5,12,0.2941,15.2,3.04,3.8,3.55,1.7,6.4,2.006,4.025,0.528,4.7,3.5,1.95,1.79,1.925,3.55,5.425,6.01,0,1,3,4,4,0.0,0.2,0.6,0.0,0.0,0.2,0,0.0,3,0.6,2,0.4,0,0.0,13-24:3 | 25-36:1 | Did not play / no score:1,sleeper_league_matchup_exact,cached_league_matchup_players_points,25.3,8.6,5.7,73.7,11.3,Tier E: dangerous survival profile
12455,Brashard Smith,RB,KC,23,1,6,6,17,7,7,10,0.4118,16.2,2.314,2.7,1.05,0.2,6.6,2.776,7.707,1.0282,6.4,4.55,2.6,0.45,0.725,1.05,5.275,6.6,0,0,0,2,6,0.0,0.0,0.2857,0.5714,0.0,0.1429,0,0.0,2,0.2857,5,0.7143,0,0.0,19-36:2 | 37-64:4 | Did not play / no score:1,sleeper_league_matchup_exact,cached_league_matchup_players_points,9.9,6.9,11.1,90.6,11.2,Tier E: dangerous survival profile
12471,DJ Giddens,RB,IND,22,1,3,3,17,5,5,12,0.2941,6.6,1.32,2.2,2.2,0.3,4.1,1.551,2.407,0.7052,3.8,1.9,1.267,0.68,1.25,2.2,3.15,3.72,0,0,0,0,3,0.0,0.0,0.0,0.6,0.0,0.4,0,0.0,0,0.0,5,1.0,0,0.0,37-64:3 | Did not play / no score:2,sleeper_league_matchup_exact,cached_league_matchup_players_points,16.0,11.1,4.2,82.5,10.8,Tier E: dangerous survival profile
5955,Hunter Renfrow,WR,,30,7,4,4,17,4,4,13,0.2353,10.4,2.6,2.6,2.8,1.7,3.1,0.552,0.305,0.2124,1.4,0.65,0.45,1.97,2.375,2.8,3.025,3.07,0,0,0,0,1,0.0,0.0,0.0,0.25,0.75,0.0,0,0.0,0,0.0,4,1.0,0,0.0,37-64:1 | Outside 64:3,sleeper_league_matchup_exact,cached_league_matchup_players_points,52.9,3.8,2.5,42.3,10.6,Tier E: dangerous survival profile
4381,Taysom Hill,TE,,35,9,3,3,17,3,3,14,0.1765,9.56,3.187,3.187,2.8,0.66,6.1,2.238,5.007,0.7022,5.44,2.72,1.942,1.088,1.73,2.8,4.45,5.44,0,1,2,3,3,0.0,0.3333,0.6667,0.0,0.0,0.0,0,0.0,2,0.6667,1,0.3333,0,0.0,13-24:2 | 25-36:1,sleeper_league_matchup_exact,cached_league_matchup_players_points,17.1,2.9,2.9,82.9,10.1,Tier E: dangerous survival profile
1234,Russell Wilson,QB,,37,14,4,4,17,4,4,13,0.2353,49.84,12.46,12.46,9.11,0.32,31.3,11.542,133.213,0.9263,30.98,10.76,9.42,2.354,5.405,9.11,16.165,25.246,1,1,2,4,4,0.25,0.25,0.75,0.0,0.0,0.0,1,0.25,2,0.5,2,0.5,1,0.25,13-24:1 | 25-36:2 | Top 12:1,sleeper_league_matchup_exact,cached_league_matchup_players_points,0.0,6.7,53.3,100.0,9.2,Tier E: dangerous survival profile
11575,Ray Davis,RB,BUF,26,2,4,4,17,5,5,12,0.2941,4.6,0.92,1.15,0.95,0.3,2.4,0.776,0.602,0.675,2.1,0.75,0.625,0.45,0.675,0.95,1.425,2.01,0,0,0,1,4,0.0,0.0,0.2,0.6,0.0,0.2,0,0.0,1,0.2,4,0.8,0,0.0,19-36:1 | 37-64:3 | Did not play / no score:1,sleeper_league_matchup_exact,cached_league_matchup_players_points,21.9,4.2,1.4,76.9,9.2,Tier E: dangerous survival profile
11559,Michael Penix,QB,ATL,26,2,4,4,17,4,4,13,0.2353,47.34,11.835,11.835,9.01,5.3,24.02,7.55,57.002,0.6379,18.72,9.525,6.295,5.444,5.66,9.01,15.185,20.486,1,2,2,4,4,0.25,0.5,0.5,0.0,0.0,0.0,1,0.25,2,0.5,2,0.5,1,0.25,13-24:1 | 25-36:2 | Top 12:1,sleeper_league_matchup_exact,cached_league_matchup_players_points,1.8,10.0,13.3,98.0,8.8,Tier E: dangerous survival profile
7090,Darnell Mooney,WR,NYG,28,6,5,5,17,7,7,10,0.4118,19.5,2.786,3.9,2.5,2.1,8.4,2.342,5.484,0.6005,6.3,1.5,1.84,2.26,2.5,2.5,4.0,6.64,0,0,0,0,4,0.0,0.0,0.0,0.5714,0.1429,0.2857,0,0.0,0,0.0,7,1.0,0,0.0,37-64:4 | Did not play / no score:2 | Outside 64:1,sleeper_league_matchup_exact,cached_league_matchup_players_points,15.8,5.0,6.2,82.8,7.2,Tier E: dangerous survival profile
12519,Luther Burden,WR,CHI,22,1,4,4,17,4,4,13,0.2353,6.9,1.725,1.725,1.55,0.7,3.1,0.867,0.752,0.5027,2.4,0.675,0.688,0.94,1.3,1.55,1.975,2.65,0,0,0,0,1,0.0,0.0,0.0,0.25,0.75,0.0,0,0.0,0,0.0,4,1.0,0,0.0,37-64:1 | Outside 64:3,sleeper_league_matchup_exact,cached_league_matchup_players_points,28.9,1.2,1.2,68.5,7.1,Tier E: dangerous survival profile
